Name,Rarity,Cost,Slot,Quest,Effect,Include,Notes
Challenge Coin,Common,1000,,N,A heavy coin made of gold. Redeem for a free draft.,Y,
Silver Challenge Coin,Common,1000,,N,A heavy coin made of silver. Redeem for a free sealed event.,Y,
Landscape Sketchbook - Mirage,Common,1000,,Y,Gives access to Mirage land arts in the add basic lands menu of the deckbuilder's upper right corner.,Y,Currently Unused
Landscape Sketchbook - Urza's Saga,Common,1000,,Y,Gives access to Urza's Saga land arts in the add basic lands menu of the deckbuilder's upper right corner.,Y,Currently Unused
Landscape Sketchbook - Coldsnap,Common,1000,,Y,Gives access to Coldsnap land arts in the add basic lands menu of the deckbuilder's upper right corner.,Y,Currently Unused
Landscape Sketchbook - Zendikar,Common,1000,,N,Gives access to Zendikar land arts in the add basic lands menu of the deckbuilder's upper right corner.,Y,
Landscape Sketchbook - Innistrad,Common,1000,,N,Gives access to Innistrad land arts in the add basic lands menu of the deckbuilder's upper right corner.,Y,
Landscape Sketchbook - Ravnica Allegiance,Common,1000,,N,Gives access to Ravnica Allegiance land arts in the add basic lands menu of the deckbuilder's upper right corner.,Y,
Landscape Sketchbook - Theros,Common,1000,,N,Gives access to Theros land arts in the add basic lands menu of the deckbuilder's upper right corner.,Y,
Landscape Sketchbook - Kamigawa Neon Dynasty,Common,1000,,N,Gives access to Neon Dynasty land arts in the add basic lands menu of the deckbuilder's upper right corner.,Y,
Landscape Sketchbook - Dominaria,Common,1000,,N,Gives access to Dominaria land arts in the add basic lands menu of the deckbuilder's upper right corner.,Y,
Landscape Sketchbook - Lorwyn,Common,1000,,N,Gives access to Lorwyn land arts in the add basic lands menu of the deckbuilder's upper right corner.,Y,
Landscape Sketchbook - Shards of Alara,Common,1000,,N,Gives access to Shards of Alara land arts in the add basic lands menu of the deckbuilder's upper right corner.,Y,
Landscape Sketchbook - Amonkhet,Common,1000,,N,Gives access to Amonkhet land arts in the add basic lands menu of the deckbuilder's upper right corner.,Y,
Landscape Sketchbook - Ixalan,Common,1000,,N,Gives access to Ixalan land arts in the add basic lands menu of the deckbuilder's upper right corner.,Y,
Landscape Sketchbook - Unglued,Common,1000,,N,Gives access to Unglued land arts in the add basic lands menu of the deckbuilder's upper right corner.,Y,
Landscape Sketchbook - Unhinged,Common,1000,,N,Gives access to Unhinged land arts in the add basic lands menu of the deckbuilder's upper right corner.,Y,
Landscape Sketchbook - Unstable,Common,1000,,N,Gives access to Unstable land arts in the add basic lands menu of the deckbuilder's upper right corner.,Y,
Landscape Sketchbook - Unfinity,Common,1000,,N,Gives access to Unfinity land arts in the add basic lands menu of the deckbuilder's upper right corner.,Y,
Landscape Sketchbook - Aetherdrift,Common,1000,,N,Gives access to Aetherdrift land arts in the add basic lands menu of the deckbuilder's upper right corner.,Y,
Landscape Sketchbook - Edge of Eternities,Common,1000,,N,Gives access to Edge of Eternities land arts in the add basic lands menu of the deckbuilder's upper right corner.y,Y,
Landscape Sketchbook - Strixhaven: School of Mages,Common,1000,,N,Gives access to Strixhaven land arts in the add basic lands menu of the deckbuilder's upper right corner.,Y,
Landscape Sketchbook - Streets of New Capenna,Common,1000,,N,Gives access to New Capenna land arts in the add basic lands menu of the deckbuilder's upper right corner.,Y,
Landscape Sketchbook - Kaldheim,Common,1000,,N,Gives access to Kaldheim land arts in the add basic lands menu of the deckbuilder's upper right corner.,Y,
Landscape Sketchbook - Ikoria: Lair of Behemoths,Common,1000,,N,Gives access to Ikoria land arts in the add basic lands menu of the deckbuilder's upper right corner.,Y,
Landscape Sketchbook - Throne of Eldraine,Common,1000,,N,Gives access to Eldraine land arts in the add basic lands menu of the deckbuilder's upper right corner.,Y,
Landscape Sketchbook - Shadows Over Innistrad,Common,1000,,N,Gives access to Shadows Over Innistrad land arts in the add basic lands menu of the deckbuilder's upper right corner.,Y,
Landscape Sketchbook - Battle for Zendikar,Common,1000,,N,Gives access to Battle for Zendikar land arts in the add basic lands menu of the deckbuilder's upper right corner.,Y,
Landscape Sketchbook - Khans of Tarkir,Common,1000,,N,Gives access to Khans of Tarkir land arts in the add basic lands menu of the deckbuilder's upper right corner.,Y,
Landscape Sketchbook - Hour of Devastation,Common,1000,,N,Gives access to Hour of Devastation land arts in the add basic lands menu of the deckbuilder's upper right corner.,Y,
Landscape Sketchbook - Kaladesh,Common,1000,,N,Gives access to Kaladesh land arts in the add basic lands menu of the deckbuilder's upper right corner.,Y,
Landscape Sketchbook - Mercadian Masques,Common,1000,,N,Gives access to Mercadian Masques land arts in the add basic lands menu of the deckbuilder's upper right corner.,Y,
Landscape Sketchbook - New Phyrexia,Common,1000,,N,Gives access to New Phyrexia land arts in the add basic lands menu of the deckbuilder's upper right corner.,Y,
Landscape Sketchbook - Mirrodin Besieged,Common,1000,,N,Gives access to Mirrodin Besieged land arts in the add basic lands menu of the deckbuilder's upper right corner.,Y,
Landscape Sketchbook - Scars of Mirrodin,Common,1000,,N,Gives access to Scars of Mirrodin land arts in the add basic lands menu of the deckbuilder's upper right corner.,Y,
Landscape Sketchbook - Magic Origins,Common,1000,,N,Gives access to Magic Origins land arts in the add basic lands menu of the deckbuilder's upper right corner.,Y,
Landscape Sketchbook - Magic 2021,Common,1000,,N,Gives access to M21 land arts in the add basic lands menu of the deckbuilder's upper right corner.,Y,
Landscape Sketchbook - Modern Horizons,Common,1000,,N,Gives access to Modern Horizons land arts in the add basic lands menu of the deckbuilder's upper right corner.,Y,
Landscape Sketchbook - Tempest,Common,1000,,N,Gives access to Tempest land arts in the add basic lands menu of the deckbuilder's upper right corner.,Y,
Landscape Sketchbook - Onslaught,Common,1000,,N,Gives access to Onslaught land arts in the add basic lands menu of the deckbuilder's upper right corner.,Y,
Landscape Sketchbook - Odyssey,Common,1000,,N,Gives access to Odyssey land arts in the add basic lands menu of the deckbuilder's upper right corner.,Y,
Landscape Sketchbook - Rise of the Eldrazi,Common,1000,,N,Gives access to Rise of the Eldrazi land arts in the add basic lands menu of the deckbuilder's upper right corner.,Y,
Landscape Sketchbook - Dragons of Tarkir,Common,1000,,N,Gives access to Dragons of Tarkir land arts in the add basic lands menu of the deckbuilder's upper right corner.,Y,
Landscape Sketchbook - Duskmourn: House of Horror,Common,1000,,N,Gives access to Duskmorn land arts in the add basic lands menu of the deckbuilder's upper right corner.,Y,
Landscape Sketchbook - Outlaws of Thunder Junction,Common,1000,,N,Gives access to Thunder Junction land arts in the add basic lands menu of the deckbuilder's upper right corner.,Y,
Landscape Sketchbook - Bloomburrow,Common,1000,,N,Gives access to Bloomburrow land arts in the add basic lands menu of the deckbuilder's upper right corner.,Y,
Landscape Sketchbook - The Brothers War,Common,1000,,N,Gives access to Brothers War land arts in the add basic lands menu of the deckbuilder's upper right corner.,Y,
Landscape Sketchbook - Seventh Edition,Common,1000,,N,Gives access to 7th Ed land arts in the add basic lands menu of the deckbuilder's upper right corner.,Y,
Landscape Sketchbook - Limited Edition Alpha,Common,1000,,N,Gives access to Alpha land arts in the add basic lands menu of the deckbuilder's upper right corner.,Y,
Landscape Sketchbook - Limited Edition Beta,Common,1000,,N,Gives access to Beta land arts in the add basic lands menu of the deckbuilder's upper right corner.,Y,
Landscape Sketchbook - Revised Edition,Common,1000,,N,Gives access to Revised land arts in the add basic lands menu of the deckbuilder's upper right corner.,Y,
Landscape Sketchbook - Fourth Edition,Common,1000,,N,Gives access to 4th Ed land arts in the add basic lands menu of the deckbuilder's upper right corner.,Y,
Landscape Sketchbook - Fifth Edition,Common,1000,,N,Gives access to 5th Ed land arts in the add basic lands menu of the deckbuilder's upper right corner.,Y,
Landscape Sketchbook - Sixth Edition,Common,1000,,N,Gives access to 6th Ed land arts in the add basic lands menu of the deckbuilder's upper right corner.,Y,
Landscape Sketchbook - Ice Age,Common,1000,,N,Gives access to Ice Age non-snow land arts in the add basic lands menu of the deckbuilder's upper right corner.,Y,
Landscape Sketchbook - Portal,Common,1000,,N,Gives access to Portal land arts in the add basic lands menu of the deckbuilder's upper right corner.,Y,
Landscape Sketchbook - Portal Second Age,Common,1000,,N,Gives access to Portal Second Age land arts in the add basic lands menu of the deckbuilder's upper right corner.,Y,
Landscape Sketchbook - Portal Three Kingdoms,Common,1000,,N,Gives access to Three Kingdoms land arts in the add basic lands menu of the deckbuilder's upper right corner.,Y,
Landscape Sketchbook - Starter 1999,Common,1000,,N,Gives access to Starter 99 land arts in the add basic lands menu of the deckbuilder's upper right corner.,Y,
Landscape Sketchbook - Starter 2000,Common,1000,,N,Gives access to Starter 2000 land arts in the add basic lands menu of the deckbuilder's upper right corner.,Y,
Landscape Sketchbook - Battle Royale,Common,1000,,N,Gives access to Battle Royale Box Set land arts in the add basic lands menu of the deckbuilder's upper right corner.,Y,
Landscape Sketchbook - Beatdown Box Set,Common,1000,,N,Gives access to Beatdown Box Set land arts in the add basic lands menu of the deckbuilder's upper right corner.,Y,
Landscape Sketchbook - Lorwyn Eclipsed,Common,1000,,N,Gives access to Lorwyn Eclipsed land arts in the add basic lands menu of the deckbuilder's upper right corner.,Y,
Landscape Sketchbook - Tarkir: Dragonstorm,Common,1000,,N,Gives access to Tarkir Dragonstorm land arts in the add basic lands menu of the deckbuilder's upper right corner.,Y,
Victor's Key,Common,1000,,Y,Unlocks the back of the church.,Y,
Hylda's Key,Common,1000,,Y,One of three keys to the basement gate.,Y,
Eriette's Key,Common,1000,,Y,One of three keys to the basement gate.,Y,
Agatha's Key,Common,1000,,Y,One of three keys to the basement gate.,Y,
Grenzo's Key,Common,1000,,Y,Unlocks the prison behind him.,Y,
Marchesa's Key,Common,1000,,Y,Unlocks the right gate.,Y,
Gitrog's Key,Common,1000,,Y,Unlocks the treasure room near the basement entrance.,Y,
Prismari Key,Common,1000,,Y,Unlocks the lower gate.,Y,
Lorehold Key,Common,1000,,Y,Unlocks the lower gate.,Y,
Quandrix Key,Common,1000,,Y,Unlocks the lower gate.,Y,
Witherbloom Key,Common,1000,,Y,Unlocks the lower gate.,Y,
Silverquill Key,Common,1000,,Y,Unlocks the lower gate.,Y,
Key to the Castle,Common,1000,,Y,Unlocks the castle gate.,Y,
Red Key,Common,1000,,Y,,Y,
White Key,Common,1000,,Y,,Y,
Blue Key,Common,1000,,Y,,Y,
Green Key,Common,1000,,Y,,Y,
Black Key,Common,1000,,Y,,Y,
Homeward rune,Common,1600,Ability2,Y,"Teleports you home - to the mysterious library, or just outside your Capitol once you've built one Slot: Ability2 1 [+Shards]",Y,
Rally rune,Common,1600,Ability2,Y,"Carries you to just outside one of your own towns that is under attack. With several besieged, each use goes to the next in turn before starting over. Stays quiet, and costs nothing, while none of your towns is targeted Slot: Ability2 1 [+Shards]",Y,
Eldrazi rune,Common,1000,Ability2,Y,Teleports you to the eldrazi prison Slot: Ability2 1 [+Shards],Y,
White rune,Common,1600,Ability2,Y,Teleports you to the capitol of the plains Slot: Ability2 1 [+Shards],Y,Currently Unused
Black rune,Common,1600,Ability2,Y,Teleports you to the capitol of the swamps Slot: Ability2 1 [+Shards],Y,Currently Unused
Blue rune,Common,1600,Ability2,Y,Teleports you to the capitol of the islands Slot: Ability2 1 [+Shards],Y,Currently Unused
Red rune,Common,1600,Ability2,Y,Teleports you to the capitol of the mountains Slot: Ability2 1 [+Shards],Y,Currently Unused
Green rune,Common,1600,Ability2,Y,Teleports you to the capitol of the forests Slot: Ability2 1 [+Shards],Y,Currently Unused
Ghost rune,Common,1600,Ability2,Y,Teleports you to Spawn Slot: Ability2 1 [+Shards],Y,Currently Unused
Omenport Omenstone,Common,100,Ability2,Y,Teleports you to Omenport Slot: Ability2 1 [+Shards],Y,
Tarnation Omenstone,Common,500,Ability2,Y,Teleports you to Tarnation Slot: Ability2 1 [+Shards],Y,
Three Tree Omenstone,Common,500,Ability2,Y,Teleports you to Three Tree City Slot: Ability2 1 [+Shards],Y,
Wizard Palace Omenstone,Common,500,Ability2,Y,Teleports you to the Wizard Palace Slot: Ability2 1 [+Shards],Y,
Squirrel Farm Omenstone,Common,500,Ability2,Y,Teleports you to the Squirrel Farm Slot: Ability2 1 [+Shards],Y,
Gitrog Bog Omenstone,Common,500,Ability2,Y,Teleports you to Gitrog Bog Slot: Ability2 1 [+Shards],Y,
Aerie Omenstone,Common,500,Ability2,Y,Teleports you to the Aerie Slot: Ability2 1 [+Shards],Y,
Valor's Reach Omenstone,Common,500,Ability2,Y,Teleports you to the Valor's Reach Arena Slot: Ability2 1 [+Shards],Y,
Staff of Speed,Common,1000,Ability1,N,Greatly increases speed for a while. Slot: Ability1 1 [+Shards],Y,
Staff of Flight,Common,1000,Ability2,N,Fly over rough terrain for a while. Slot: Ability2 1 [+Shards],Y,
Staff of Healing,Common,1000,Ability2,N,Recovers your life after a lost duel without visiting a town. Slot: Ability2 1 [+Shards],Y,
Staff of Invisibility,Uncommon,2000,Ability2,N,Hide from enemies for a while. Slot: Ability2 1 [+Shards],Y,
Bronze Blessing of Speed,Rare,5000,Blessing,N,"Move 25% faster. Passive, in a special slot. Slot: Blessing [+MovementSpeed] +25%",Y,
Silver Blessing of Speed,Mythic,25000,Blessing,N,"Move 50% faster. Passive, in a special slot. Slot: Blessing [+MovementSpeed] +50%",Y,
Gold Blessing of Speed,Mythic,50000,Blessing,N,"Move twice as fast. Passive, in a special slot. Slot: Blessing [+MovementSpeed] +100%",Y,
Manasight Stone,Common,1000,Slotless,N,"Grants Manasight, to see enemy colors. Slot: Slotless Manasight.",Y,
Captive Soul of a Priest,Common,1000,Heart,N,Only makes things harder; no benefits. Uses a special slot. Slot: Heart [+Life] -10,Y,
Captive Soul of a Saint,Uncommon,2000,Heart,N,Makes things much harder; no benefits. Uses a special slot. Slot: Heart [+Life] -20,Y,
Captive Soul of a Knight,Mythic,20000,Heart,N,A stolen soul that gives you 1 life. Uses a special slot. Slot: Heart [+Life] +1,Y,
Captive Soul of a Noble,Mythic,40000,Heart,N,A stolen soul that gives you 2 life. Uses a special slot. Slot: Heart [+Life] +2,Y,
Captive Soul of a Royal,Mythic,80000,Heart,N,A stolen soul that gives you 3 life. Uses a special slot. Slot: Heart [+Life] +3,Y,
Cutthroat Skirt,Rare,5000,Boots,N,"3/2 vampire, level up for deathtouch Slot: Boots [+Life] -4 Battlefield: 1x Nirkana Cutthroat",Y,
Utopia Anklet,Rare,1000,Boots,N,0/2 taps for any color Slot: Boots [+Life] -4 Battlefield: 1x Utopia Tree,Y,
Amulet of Agony,Rare,1000,Neck,N,"Blood counters when you pay life. 4 blood, 1B: Kill a creature Slot: Neck Battlefield: 1x Font of Agonies",Y,
Kobold Boots,Common,1000,Boots,N,"Two 0/1 kobolds, one for each boot. Slot: Boots [+Life] -4 Battlefield: 1x Kobolds of Kher Keep 1x Crookshank Kobolds",Y,
Cloudseeder Shoes,Uncommon,1000,Boots,N,"1/1 faerie with flying, U, T, discard to make 1/1 flying faeries that only block fliers Slot: Boots [+Life] +3 Battlefield: 1x Cloudseeder",Y,
Courier's Boots,Common,1000,Boots,N,"1/1 goblin, sac to give haste Slot: Boots Battlefield: 1x Torch Courier Gives Opponent: [+Life] -3",Y,
Jolly Boots,Uncommon,1000,Boots,N,2/3 that draws you a card when you give a gift. Slot: Boots Battlefield: 1x Jolly Gerbils Gives Opponent: [+Life] +5,Y,
Symbiote Bondband,Common,1000,Boots,N,2/2 that gives a +1/+1 counter to any creature that mutates and also 2 life Slot: Boots Battlefield: 1x Essence Symbiote,Y,
Imposter's Sliverband,Common,1000,Boots,N,A 3/3 artifact sliver with no abilities Slot: Boots Battlefield: 1x Venser's Sliver,Y,
Maestro Loafers,Common,1000,Boots,N,"3/1 vampire, pay 4(U/R) to exile from grave to draw two, discard one Slot: Boots [+Life] -3 Battlefield: 1x Maestros Initiate",Y,
Brimstone Boots,Uncommon,5000,Boots,N,"2/2 shaman, level up to ping Slot: Boots Battlefield: 1x Brimstone Mage",Y,
Peddler's Shoes,Rare,4500,Boots,N,"1/1 Human that can pay W, tap, and discard to gain 3 Slot: Boots [+Life] +6 Battlefield: 1x Tonic Peddler",Y,
Sky Skiff Turnkey,Uncommon,1000,Boots,N,2/3 flying vehicle with crew 1 Slot: Boots [+Life] +3 Battlefield: 1x Sky Skiff,Y,
Bloodfire Boots,Common,1000,Boots,N,"1/1 dwarf, pay R and sac to deal 1 to each nonflier Slot: Boots Battlefield: 1x Bloodfire Dwarf Gives Opponent: [+Life] -2",Y,
Witch's Shoes,Rare,3750,Boots,N,"1/1 Human that can pay B, tap, and discard to give -1/-1 Slot: Boots [+Life] +5 Battlefield: 1x Plague Witch",Y,
Petalmane Pants,Common,1000,Boots,N,"1/2 spirit, gets ki when spirit/arcane, 1 and remove X ki for X mana Slot: Boots [+Life] +2 Battlefield: 1x Petalmane Baku",Y,
Enduring Sliverband,Common,1000,Boots,N,"2/2 sliver; slivers gain 2, T: Get a +1/+1 counter at sorcery speed Slot: Boots [+Life] +2 Battlefield: 1x Enduring Sliver",Y,
Jade Anklet,Uncommon,1000,Boots,N,Artifact that becomes a 4/4 until EOT when you cast a spirit or arcane Slot: Boots [+Life] +4 Battlefield: 1x Jade Idol,Y,
Coiled Anklet,Common,1000,Boots,N,3/3 Serpent token Slot: Boots Battlefield: 1x Koma's Coil,Y,
Witch-Maw Anklet,Rare,1000,Boots,N,1/1 that gets two +1/+1 counters for each of your spells. Trample at 10+ power Slot: Boots [+Life] -8 Battlefield: 1x Witch-Maw Nephilim Starting hand: -1,Y,
Deathspore Shoes,Uncommon,1000,Boots,N,"1/1 that builds spores, remove 3 for a saproling or sac a saproling for -1/-1 Slot: Boots [+Life] +3 Battlefield: 1x Deathspore Thallid",Y,
Obscura Shoes,Common,1000,Boots,N,"2/2 flying bird, pay 1(B/W) for lifelink Slot: Boots [+Life] -2 Battlefield: 1x Obscura Initiate",Y,
Angelic Ring,Common,1000,Left,N,Sacrifice to revive a creature that just died. Slot: Left Battlefield: 1x Angelic Renewal,Y,
Steel Boots,Common,1000,Boots,N,0/4 artifact wall with defender Slot: Boots Battlefield: 1x Steel Wall,Y,
Mamba Bondband,Uncommon,1000,Boots,N,1/1 that gives -2/-2 on mutate Slot: Boots Battlefield: 1x Zagoth Mamba,Y,
Cabaretti Kicks,Common,1000,Boots,N,"1/2 raccoon, pay 2(R/W) for double strike Slot: Boots Battlefield: 1x Cabaretti Initiate",Y,
Sheldon's Shoes,Rare,1000,Boots,N,2/2 that dark confidants each player during your upkeep Slot: Boots Battlefield: 1x Keen Duelist Starting hand: -1,Y,
Empyrial Greaves,Uncommon,1000,Boots,N,"1/1 Human Cleric, pay 2W and triple sac for Empyrial Archangel Slot: Boots [+Life] +3 Battlefield: 1x Angel's Herald",Y,
Gixian Graft,Rare,1000,Boots,N,"3/1 phyrexian, when it dies, copy it into grave, unearth 1B Slot: Boots [+Life] -3 Battlefield: 1x Gixian Recycler",Y,
Artificial Sliverband,Uncommon,1000,Boots,N,"1/1 artifact, 1, T, discard to make a 1/1 metallic sliver Slot: Boots [+Life] +2 Battlefield: 1x Sliversmith",Y,
Shoes of the Swarm,Uncommon,1000,Boots,N,"*/1 rat, * is your rat count. Slot: Boots Battlefield: 1x Swarm of Rats",Y,
Caravaneer's Greaves,Uncommon,3000,Boots,N,"1/1 knight, level up to get bigger Slot: Boots [+Life] +4 Battlefield: 1x Caravan Escort",Y,
Joraga Boots,Uncommon,1000,Boots,N,"1/1, level up to tap for GG, then let all elves tap for GG Slot: Boots [+Life] -6 Battlefield: 1x Joraga Treespeaker",Y,
Hellkite Greaves,Uncommon,1000,Boots,N,"1/1 Goblin Shaman, pay 2R and triple sac for Hellkite Overlord Slot: Boots [+Life] +3 Battlefield: 1x Dragon's Herald",Y,
Yore-Tiller Anklet,Rare,1000,Boots,N,2/2 that reanimates tapped and attacking on attack Slot: Boots [+Life] -8 Battlefield: 1x Yore-Tiller Nephilim Starting hand: -1,Y,
Silvergill Tailband,Common,1000,Boots,N,1/1 merfolk that taps to give -X/-0 where X is merfolk and faerie count Slot: Boots Battlefield: 1x Silvergill Douser,Y,
Riveteer Greaves,Common,1000,Boots,N,"2/2 lizard, pay 1(B/G) for deathtouch Slot: Boots Battlefield: 1x Riveteers Initiate",Y,
Valorous Greaves,Uncommon,1000,Boots,N,"2/2 knight, +1/+1 to your other knights Slot: Boots Battlefield: 1x Inspiring Veteran",Y,
Battle Cry Boots,Uncommon,1000,Boots,N,"2/2, 1R: +1/+0 and haste to gobs; attack w/6+ power: gob token Slot: Boots Battlefield: 1x Battle Cry Goblin",Y,
Deathspitter Skirt,Common,1000,Boots,N,"3/2 dinosaur, enrage 2 to opp Slot: Boots Battlefield: 1x Frilled Deathspitter",Y,
Lookout's Harness,Rare,1000,Boots,N,1/1 ally that can pay 4W to give your board +1/+1 Slot: Boots [+Life] +5 Battlefield: 1x Cliffside Lookout,Y,
Bearhide Breeches,Common,1000,Boots,N,"2/2 bear, 3GG and exile from grave to make two 2/2s Slot: Boots Battlefield: 1x Mother Bear",Y,
Vindicator Greaves,Uncommon,5000,Boots,N,"2/4 knight, 2W twice for 3/6 +1/+1 all, 3 more levels for 4/8 +2/+2 all Slot: Boots [+Life] -3 Battlefield: 1x Kabira Vindicator",Y,
Timebug Boots,Common,1000,Boots,N,"1/2 artifact, tap to add or remove a time counter from permanent or suspended card Slot: Boots Battlefield: 1x Jhoira's Timebug",Y,
Glimmerbell Bondband,Common,1000,Boots,N,1/3 flyer that can pay 1U to untap itself Slot: Boots Battlefield: 1x Glimmerbell,Y,
Firefrightener Shoes,Uncommon,2250,Boots,N,"1/1 goblin that can pay 1R, tap, and discard to give red fear Slot: Boots [+Life] +3 Battlefield: 1x Firefright Mage",Y,
Despoiler's Boots,Uncommon,1000,Boots,N,5/5 eldrazi Slot: Boots [+Life] -5 Battlefield: 1x Ulamog's Despoiler,Y,
Sovereign Greaves,Uncommon,1000,Boots,N,"1/1 artifact Wizard, pay 2U and triple sac for Sphinx Sovereign Slot: Boots [+Life] +3 Battlefield: 1x Sphinx's Herald",Y,
Bloodsworn Bite,Uncommon,1000,Boots,N,"2/1 vampire with flying, can't block, pay R to give a vampire haste Slot: Boots [+Life] +3 Battlefield: 1x Olivia's Bloodsworn",Y,
Victual Sliverband,Uncommon,1000,Boots,N,2/2 sliver; slivers gain 2 and sac: gain 4 Slot: Boots [+Life] +2 Battlefield: 1x Victual Sliver,Y,
Gingerboots,Uncommon,1000,Boots,N,"1/1 artifact with haste, pay 1 to give semi-unblockable, pay 2 to eat food for 3 life Slot: Boots [+Life] +3 Battlefield: 1x Gingerbrute",Y,
Dune-Brood Anklet,Rare,1000,Boots,N,3/3 that gives a 1/1 for each land on attack Slot: Boots [+Life] -8 Battlefield: 1x Dune-Brood Nephilim,Y,
Brokers Boots,Common,1000,Boots,N,"0/4 cat, pay 4(G/U) to make a 5/5 for a turn Slot: Boots Battlefield: 1x Brokers Initiate",Y,
Beastbreaker Boots,Uncommon,5000,Boots,N,"2/2 human, level up to get stronger Slot: Boots Battlefield: 1x Beastbreaker of Bala Ged",Y,
Ghoulcaller Greaves,Rare,1000,Boots,N,"3/3 zombie, deals 1 to you a turn Slot: Boots Battlefield: 1x Graf Reaver",Y,
Princely Greaves,Uncommon,1000,Boots,N,"1/1 Human Wizard, pay 2B and triple sac for Prince of Thralls Slot: Boots [+Life] +3 Battlefield: 1x Demon's Herald",Y,
Packsong Pants,Uncommon,1000,Boots,N,"1/1 wolf, +1/+1 counter/turn if you have another wolf/werewolf, gain life when it dies Slot: Boots Battlefield: 1x Packsong Pup",Y,
Acidic Sliverband,Uncommon,1000,Boots,N,2/2 sliver; slivers gain 2 and sac: shock for 2 Slot: Boots Battlefield: 1x Acidic Sliver,Y,
Anklet of the End,Uncommon,1000,Boots,N,2/2 that gives other colorless +1/+1. Colorless spells w/ 7+ MV are 1 cheaper Slot: Boots [+Life] -4 Battlefield: 1x It That Heralds the End,Y,
Scarecrow Socks,Common,1000,Boots,N,"2/1 reach, filters mana once a turn Slot: Boots [+Life] +2 Battlefield: 1x Scarecrow Guide",Y,
Spectral Sliverband,Uncommon,1000,Boots,N,2/2 sliver; slivers gain 2: +1/+1 until EOT Slot: Boots [+Life] +2 Battlefield: 1x Spectral Sliver,Y,
Sabertooth Bondband,Common,1000,Boots,N,3/1 cat Slot: Boots [+Life] +2 Battlefield: 1x Savai Sabertooth,Y,
Bandar Boots,Uncommon,1000,Boots,N,"1/1 Cat Monkey, pay 2G to make indestructible Slot: Boots [+Life] +3 Battlefield: 1x Wily Bandar",Y,
Trickster's Shoes,Uncommon,3000,Boots,N,"1/1 Human that can pay U, tap, and discard to tap or untap Slot: Boots [+Life] +4 Battlefield: 1x Trickster Mage",Y,
Godsire Greaves,Uncommon,1000,Boots,N,"1/1 Elf Shaman, pay 2G and triple sac for Godsire Slot: Boots [+Life] +3 Battlefield: 1x Behemoth's Herald",Y,
Draped Dragonhide,Uncommon,1000,Boots,N,2/3 dragon with flying and limited to 4 or die firebreathing Slot: Boots [+Life] -2 Battlefield: 1x Dragon Whelp,Y,
Cryptologist's Fins,Uncommon,5000,Boots,N,0/1 merfolk wizard. 1U: looter; twice more: T: draw. Slot: Boots Battlefield: 1x Enclave Cryptologist,Y,
Blistering Breeches,Common,5000,Boots,N,5/2 wall. Slot: Boots Battlefield: 1x Blistering Barrier,Y,
Greaves of Glare,Common,5000,Boots,N,"0/5 wall, can block any # of creatures. Slot: Boots Battlefield: 1x Wall of Glare",Y,
Cragflame,Common,1000,Right,N,"Equip 2, +1/+1 vigilance, trample, and haste. Slot: Right [+Life] -6 Battlefield: 1x Cragflame",Y,
Spore Skirt,Rare,3000,Boots,N,"0/1 flying wall, taps down for 4 turns on block. Slot: Boots Battlefield: 1x Mindbender Spores",Y,
Soul Shoes,Uncommon,3000,Boots,N,"0/4 wall, reflects damage dealt to it to opponent. Slot: Boots Battlefield: 1x Wall of Souls",Y,
Barrier Breeches,Uncommon,6000,Boots,N,0/6 flying wall. Slot: Boots Battlefield: 1x Hover Barrier,Y,
Glint-Eye Anklet,Rare,1000,Boots,N,2/2 that draws equal to damage on hit. 1 and discard for +1/+1 until EOT. Slot: Boots Battlefield: 1x Glint-Eye Nephilim Starting hand: -2,Y,
Ink-Treader Anklet,Rare,1000,Boots,N,3/3 that radiates all single target instants and sorceries Slot: Boots [+Life] -4 Battlefield: 1x Ink-Treader Nephilim,Y,
Fblthp's Lost Socks,Common,1000,Boots,N,2/5 hexproof Slot: Boots [+Life] -10 Battlefield: 1x Humongulus,Y,
Raptor Bondband,Common,1000,Boots,N,4/2 dinosaur Slot: Boots [+Life] -2 Battlefield: 1x Frenzied Raptor,Y,
Plated Sliverband,Common,1000,Boots,N,1/1 sliver; all slivers get +0/+1 Slot: Boots [+Life] +2 Battlefield: 1x Plated Sliver,Y,
Greenseeker's Shoes,Uncommon,3000,Boots,N,"1/1 elf that can pay G, tap, and discard to tutor a basic Slot: Boots [+Life] +4 Battlefield: 1x Greenseeker",Y,
Angelic Greaves,Uncommon,1000,Boots,N,0/4 wall with flying Slot: Boots [+Life] +4 Battlefield: 1x Angelic Wall,Y,
Abzan Gauntlet,Uncommon,1000,Left,N,1WBG for an X/X where X is biggest toughness Slot: Left [+Life] +3 Battlefield: 1x Abzan Monument,Y,
Basilica Skullbomb,Uncommon,1000,Left,N,Pay 1 for a card or 2W for +2/+2 and flying and a card Slot: Left [+Life] +3 Battlefield: 1x Basilica Skullbomb,Y,
Fblthp's Lost Bauble,Rare,1000,Left,N,Pay 2 and sac for a tapped basic to play.  Slot: Left [+Life] -3 Battlefield: 1x Wayfarer's Bauble,Y,
Tome of Fire,Common,5000,Left,N,Shock for 2 Slot: Left Battlefield: 1x Seal of Fire,Y,
Golden Egg,Uncommon,1000,Left,N,Filter mana or pay 2 for 3 life Slot: Left [+Life] +3 Battlefield: 1x Golden Egg,Y,
Urza's Bauble,Uncommon,1000,Left,N,"Peek at hand, slow draw for free Slot: Left [+Life] +3 Battlefield: 1x Urza's Bauble",Y,
Malign Prayerbook,Common,1000,Left,N,Pay 1B to have an opponent exile 2 cards from their hand at sorcery speed Slot: Left [+Life] -4 Battlefield: 1x Vessel of Malignity,Y,
Tome of Triumph,Uncommon,1000,Left,N,"Creature gets +X/+0 and trample =lore for 3 turns, then fight Slot: Left Battlefield: 1x The Triumph of Anax",Y,
Mishra's Bauble,Uncommon,1000,Left,N,"Peek at deck, slow draw for free Slot: Left [+Life] +2 Battlefield: 1x Mishra's Bauble",Y,
Furnace Skullbomb,Common,1000,Left,N,Pay 1 for a card or 1R for 2 oil and draw Slot: Left Battlefield: 1x Furnace Skullbomb Gives Opponent: [+Life] -4,Y,
Map to the World Tree,Uncommon,1000,Left,N,"Pay 2WUBRG to gain 2, draw 2, deal 2, burn a creature 2, and make a 2/2 bear Slot: Left [+Life] +2 Battlefield: 1x Path to the World Tree",Y,
Thaumaton Torpedo,Common,1000,Left,N,"Pay 6 to destroy a nonland, or pay 3 if you attacked with a spacecraft Slot: Left Battlefield: 1x Thaumaton Torpedo",Y,
Scroll of Griselbrand,Common,1000,Left,N,"Pay 1 for a discard, also deal 3 if you have a demon Slot: Left Battlefield: 1x Scroll of Griselbrand",Y,
Keys to the House,Uncommon,1000,Left,N,Pay 1 for a basic to hand or 3 to lock or unlock a room Slot: Left Battlefield: 1x Keys to the House,Y,
Scroll of Avacyn,Common,1000,Left,N,"Pay 1 for a draw, also gain 5 if you have an angel Slot: Left Battlefield: 1x Scroll of Avacyn",Y,
Necrogen Gauntlet,Common,1000,Left,N,Pay 1 for a card or B for a discard Slot: Left Battlefield: 1x Necrogen Spellbomb,Y,
Aether Gauntlet,Common,1000,Left,N,Pay 1 for a card or U to bounce Slot: Left Battlefield: 1x Aether Spellbomb,Y,
Poisoner's Glove,Uncommon,1000,Left,N,Pay 1 for deathtouch Slot: Left Battlefield: 1x Vial of Poison Gives Opponent: [+Life] -2,Y,
Chimeric Coils,Uncommon,1000,Left,N,Pay 1X for an X/X once Slot: Left [+Life] +3 Battlefield: 1x Chimeric Coils,Y,
Triangle of War,Rare,1000,Left,N,Pay 2 to fight Slot: Left Battlefield: 1x Triangle of War,Y,
Lotus Petal,Common,5000,Left,N,One mana of any color once Slot: Left [+Life] -3 Battlefield: 1x Lotus Petal,Y,
Black Lotus,Rare,1000,Left,N,Three mana of any color once Slot: Left [+Life] -7 Battlefield: 1x Black Lotus Starting hand: -1,Y,
Pyrite Gauntlet,Common,1000,Left,N,Pay 1 for a card or R for 2 damage Slot: Left Battlefield: 1x Pyrite Spellbomb,Y,
Temur Gauntlet,Uncommon,1000,Left,N,3GUR for a 5/5 elephant Slot: Left [+Life] +3 Battlefield: 1x Temur Monument,Y,
Chromatic Sphere,Common,5000,Left,N,Filter mana and draw Slot: Left Battlefield: 1x Chromatic Sphere,Y,
Tome of the Builder,Uncommon,1000,Left,N,Tutor a plains / 0/4 artifact wall / gain 2 life Slot: Left [+Life] -6 Battlefield: 1x The Birth of Meletis,Y,
Amnesiac Prayerbook,Common,1000,Left,N,Pay U to mill three and draw Slot: Left Battlefield: 1x Vessel of Paramnesia,Y,
Kaleidostone,Rare,1000,Left,N,Filter 5 into WUBRG Slot: Left [+Life] +5 Battlefield: 1x Kaleidostone,Y,
Sunbeam Gauntlet,Common,1500,Left,N,Pay 1 for a card or W for 5 life Slot: Left [+Life] +2 Battlefield: 1x Sunbeam Spellbomb,Y,
Tome of the Executioner,Common,5000,Left,N,Pay 1B and sacrifice to destroy a nonblack creature Slot: Left Battlefield: 1x Executioner's Capsule,Y,
Sultai Gauntlet,Uncommon,1000,Left,N,2BUG for two 2/2 zombies Slot: Left [+Life] +3 Battlefield: 1x Sultai Monument,Y,
Maze Skullbomb,Uncommon,1000,Left,N,Pay 1 for a card or 2G for +3/+3 and trample and a card Slot: Left [+Life] +3 Battlefield: 1x Maze Skullbomb,Y,
Prayerbook of Vigor,Uncommon,1000,Left,N,Pay 2W to gain 7 life Slot: Left [+Life] +3 Battlefield: 1x Font of Vigor,Y,
Mardu Gauntlet,Uncommon,1000,Left,N,2RWB for three 1/1s with menace and haste that die at EOT Slot: Left [+Life] +3 Battlefield: 1x Mardu Monument,Y,
Jeskai Gauntlet,Uncommon,1000,Left,N,1WUR for two 1/1 birds Slot: Left [+Life] +3 Battlefield: 1x Jeskai Monument,Y,
Surgical Skullbomb,Uncommon,1000,Left,N,Pay 1 for a card or 2U to bounce and draw Slot: Left [+Life] +3 Battlefield: 1x Surgical Skullbomb,Y,
Triassic Egg,Rare,1000,Left,N,"Pay 3 for a counter. After 2, cheat in or revive a creature Slot: Left Battlefield: 1x Triassic Egg",Y,
Sinister Concoction,Uncommon,1000,Left,N,"Pay B, 1 life, mill one, discard one, sac: destroy a creature Slot: Left Battlefield: 1x Sinister Concoction",Y,
Tempting Apple,Uncommon,1000,Left,N,Pay 2 and sac for 3 life or 3 life loss to opp Slot: Left [+Life] +3 Battlefield: 1x Eriette's Tempting Apple,Y,
Tome of Removal,Common,5000,Left,N,Bounce a creature Slot: Left [+Life] -4 Battlefield: 1x Seal of Removal,Y,
Nascent Prayerbook,Common,1000,Left,N,"Pay 1G to look at the top four, take a permanent, mill the rest Slot: Left Battlefield: 1x Vessel of Nascency",Y,
Little Black Book,Uncommon,1000,Left,N,Pay 2 five times to destroy two creatures Slot: Left Battlefield: 1x Deadly Designs Gives Opponent: [+Life] -2,Y,
Prayerbook of Return,Common,1000,Left,N,Pay 3B to return 3 dead creatures to hand Slot: Left Battlefield: 1x Font of Return,Y,
Soul-Guide Gauntlet,Uncommon,1000,Left,N,Sac to exile a graveyard or 1 and sac to draw Slot: Left [+Life] +3 Battlefield: 1x Soul-Guide Lantern,Y,
Tome of Dispelling,Common,5000,Left,N,Pay 2W and sac to destroy an artifact or enchantment Slot: Left Battlefield: 1x Dispeller's Capsule,Y,
Prayerbook of Ire,Common,1000,Left,N,3R for 5 damage to a player Slot: Left Battlefield: 1x Font of Ire Gives Opponent: [+Life] -3,Y,
Lifespark Gauntlet,Common,1500,Left,N,Pay 1 for a card or G to make a land a 3/3 Slot: Left [+Life] +2 Battlefield: 1x Lifespark Spellbomb,Y,
Tome of Binding,Uncommon,1000,Left,N,"Each player mills 3 / Exile 2 from graves, gain 1 per creature / return a creature or land Slot: Left [+Life] -6 Battlefield: 1x The Binding of the Titans",Y,
Volatile Prayerbook,Common,1000,Left,N,Pay 1R for RRRR Slot: Left [+Life] -4 Battlefield: 1x Vessel of Volatility,Y,
Amulet of Compleation,Uncommon,1000,Neck,N,Your phyrexians get +1/+1 Slot: Neck Battlefield: 1x Sculpted Perfection,Y,
Prayerbook of Fortunes,Common,1000,Left,N,1U to draw 2 Slot: Left [+Life] -4 Battlefield: 1x Font of Fortunes,Y,
Wedding Invitation,Common,1000,Left,N,"Sac for one time unblockable, lifelink if a vampire Slot: Left [+Life] +2 Battlefield: 1x Wedding Invitation",Y,
Dross Skullbomb,Uncommon,1000,Left,N,Pay 1 for a card or 2B to return a creature and draw Slot: Left [+Life] +3 Battlefield: 1x Dross Skullbomb,Y,
Mephitic Draught,Common,1000,Left,N,"When this dies, draw 1 and lose 1 Slot: Left Battlefield: 1x Mephitic Draught",Y,
Tome of Might,Common,5000,Left,N,Give +3/+3 until EOT Slot: Left Battlefield: 1x Seal of Strength,Y,
Ephemeral Prayerbook,Common,1000,Left,N,Pay 2W for two 1/1 fliers Slot: Left Battlefield: 1x Vessel of Ephemera,Y,
Prayerbook of Fertility,Common,1000,Left,N,Pay 1G for a tapped basic to play Slot: Left Battlefield: 1x Font of Fertility,Y,
Ooze Amulet,Rare,1000,Neck,N,"1G: Remove X +1/+1 counters, make an X/X ooze Slot: Neck [+Life] +2 Battlefield: 1x Ooze Flux",Y,
Ajani's Amulet,Common,1000,Neck,N,Gain 1 life at each of your upkeeps Slot: Neck Battlefield: 1x Ajani's Mantra,Y,
Pack Leader Pants,Rare,1000,Boots,N,"2/2 dog, Other dogs get +1/+1 and attack safely Slot: Boots Battlefield: 1x Pack Leader",Y,
Team Pennant,Uncommon,1000,Right,N,"Equip 3 or Equip token 1. +1/+1, vigilance, and trample. Slot: Right Battlefield: 1x Team Pennant",Y,
Referee's Shoes,Common,1000,Boots,N,"2/1, gets a +1/+1 counter when you cast a multicolored spell. Slot: Boots [+Life] -2 Battlefield: 1x Mage Tower Referee",Y,
Girlfriend's Skirt,Rare,1000,Boots,N,"2/2 lesbians w/ first strike. When opp. has more cards, prepare a date. Slot: Boots [+Life] -2 Battlefield: 1x Joined Researchers",Y,
Leech Breeches,Uncommon,1000,Boots,N,"2/2. When you gain life 1st time, prepare: B: Opp loses 2 life. Slot: Boots Battlefield: 1x Leech Collector",Y,
Chaos Wand,Rare,1000,Right,N,"4, T: Cast a random instant/sorcery from opp's deck. Slot: Right Battlefield: 1x Chaos Wand",Y,
Bear Helm,Rare,1000,Neck,N,"1G, exile 2 cards from your yard: Create a 2/2 bear. The bear is gay. Slot: Neck [+Life] -4 Battlefield: 1x Bearscape",Y,
Alesha's War Skirt,Rare,1000,Boots,N,"3/2 transfem legend w/ first strike. On atk, pay B/W B/W to revive 2< power attacking. Slot: Boots [+Life] -3 Battlefield: 1x Alesha, Who Smiles at Death Starting hand: -1",Y,
Acolyte's Anklet,Rare,1000,Boots,N,"2/2 trans guy, pay 2 and discard to specialize into a variety of forms. Slot: Boots Battlefield: 1x Klement, Novice Acolyte",Y,
Mask of Compulsion,Uncommon,2000,Neck,N,1U and discard to draw or 1U and sac to draw Slot: Neck [+Life] -6 Battlefield: 1x Compulsion,Y,
Breaching Stormcrown,Rare,1000,Neck,N,"Bounce on dragon, 4R to discover 8 Slot: Neck [+Life] +6 Battlefield: 1x Breaching Dragonstorm",Y,
Mask of Narcissism,Uncommon,2000,Neck,N,G and discard for +2/+2 or G and sac for +2/+2 Slot: Neck Battlefield: 1x Narcissism,Y,
Acorn Amulet,Uncommon,1000,Neck,N,"Each upkeep, make a 1/1 Squirrel. With 7+ cards in your graveyard your Squirrels get +2/+2. Slot: Neck Battlefield: 1x Nut Collector",Y,
Amulet of Aeons Torn,Uncommon,1000,Neck,N,Draw two when you cast a 7+ MV colorless creature Slot: Neck [+Life] -4 Battlefield: 1x Emrakul's Influence,Y,
Mask of Valgavoth,Rare,1000,Neck,N,You can cast off top of library by sacing a nonland Slot: Neck Battlefield: 1x Into the Pit,Y,
Roiling Stormcrown,Uncommon,1000,Neck,N,"Bounce on dragon, 1U to draw two discard one Slot: Neck [+Life] +4 Battlefield: 1x Roiling Dragonstorm",Y,
Amulet of Awakening,Rare,1000,Neck,N,Make a 0/1 spawn every turn Slot: Neck [+Life] -6 Battlefield: 1x Awakening Zone,Y,
Amulet of Telepathy,Uncommon,1000,Neck,N,Look at your opponent's hand Slot: Neck Battlefield: 1x Telepathy,Y,
Pinnacle Circlet,Rare,1000,Neck,N,Pay 100 mana to win the game Slot: Neck [+Life] +3 Battlefield: 1x Helix Pinnacle,Y,
Fblthp's Lost Hat,Mythic,1000,Neck,N,Gain future sight if you find Fblthp. Slot: Neck Battlefield: 1x Case of the Lost Witness,Y,
Bonder's Helm,Uncommon,1000,Neck,N,Pay 2 and sac a creature to shock for 2 Slot: Neck [+Life] +2 Battlefield: 1x Weaponize the Monsters,Y,
Amulet of Annihilation,Uncommon,1000,Neck,N,"Eldrazi tap for any color, gain 4 on 7+ MV creature cast Slot: Neck [+Life] +4 Battlefield: 1x Path of Annihilation",Y,
Artist's Beret,Rare,1000,Neck,N,"Rummage on noncreature, 2R for noncreature cost -2, 2R for +2 noncombat damage Slot: Neck Battlefield: 1x Artist's Talent Starting hand: -1",Y,
Corroding Stormcrown,Uncommon,1000,Neck,N,"Bounce on dragon, 1B to drain 2 and suveil 2 Slot: Neck [+Life] +4 Battlefield: 1x Corroding Dragonstorm",Y,
Arguel's Amulet,Rare,1000,Neck,N,"Pay 1B and 2 life to draw, flip at 5< life into strong land Slot: Neck [+Life] -5 Battlefield: 1x Arguel's Blood Fast",Y,
Amulet of Fury,Rare,4000,Neck,N,Pay 3R for random burn Slot: Neck Battlefield: 1x Planeswalker's Fury Gives Opponent: [+Life] -4,Y,
Mask of Mortiphobia,Uncommon,3000,Neck,N,1B and discard to exile a grave card or 1B and sac to exile a grave card Slot: Neck [+Life] +4 Battlefield: 1x Mortiphobia,Y,
Mask of Pyromania,Uncommon,3000,Neck,N,1R and random discard to ping 1 or 1R and sac to ping 1. Also lowers opp life. Slot: Neck [+Life] +4 Battlefield: 1x Pyromania,Y,
Mask of Hypochondria,Uncommon,2000,Neck,N,W and discard to prevent 3 damage or W and sac to prevent 3 damage Slot: Neck [+Life] +3 Battlefield: 1x Hypochondria,Y,
Teeming Stormcrown,Rare,1000,Neck,N,"Bounce on dragon, 3W for two 2/2 soldiers Slot: Neck [+Life] +6 Battlefield: 1x Teeming Dragonstorm",Y,
Skywise Talisman,Uncommon,1000,Neck,N,Pay 1U when you play a noncreature for a 2/2 flying djinn Slot: Neck [+Life] -6 Battlefield: 1x Skywise Teachings,Y,
Amulet of Mirth,Rare,4000,Neck,N,Pay 3W for random lifegain Slot: Neck [+Life] +6 Battlefield: 1x Planeswalker's Mirth,Y,
Worn Coin,Rare,1000,Neck,N,"Whenever blocks happen, flip. Win=blockers die, lose=attackers die Slot: Neck Battlefield: 1x Tide of War",Y,
Amulet of Mischief,Rare,4000,Neck,N,Pay 3U for random spell steal Slot: Neck [+Life] +4 Battlefield: 1x Planeswalker's Mischief,Y,
Amulet of Scorn,Rare,4000,Neck,N,Pay 3B for random debuff Slot: Neck [+Life] +4 Battlefield: 1x Planeswalker's Scorn,Y,
Crown of Winter,Uncommon,1000,Neck,N,Put a +1/+1 counter when you tap an opp's untapped creature Slot: Neck [+Life] +3 Battlefield: 1x Solitary Sanctuary,Y,
Scavenger's Bandana,Rare,1000,Neck,N,"Food on death 1/turn, 1B for mill 2 on sac, 2B to sac 3 for revive with finality Slot: Neck [+Life] -6 Battlefield: 1x Scavenger's Talent",Y,
Caretaker's Cap,Rare,1000,Neck,N,"Draw on first token; W for populate, 3W for +2/+2 to tokens Slot: Neck Battlefield: 1x Caretaker's Talent Starting hand: -2",Y,
Encroaching Stormcrown,Rare,1000,Neck,N,"Bounce on dragon, 3G to ramp two basics out tapped Slot: Neck [+Life] +6 Battlefield: 1x Encroaching Dragonstorm",Y,
Amulet of Favor,Rare,4000,Neck,N,Pay 3G for random buff Slot: Neck [+Life] +4 Battlefield: 1x Planeswalker's Favor,Y,
Ominous Amulet,Uncommon,1000,Neck,N,"Every 8 card draws, make an 8/8 kraken Slot: Neck [+Life] -4 Battlefield: 1x Ominous Seas",Y,
Silverskin Gauntlet,Uncommon,1000,Right,N,"Equip 2, +1/+1 and become an artifact Slot: Right [+Life] +4 Battlefield: 1x Silverskin Armor",Y,
Bladed Bracer,Uncommon,1000,Right,N,"Equip 2, +1/+1, vigilance if a human or angel Slot: Right [+Life] +3 Battlefield: 1x Bladed Bracers",Y,
Echo Shield,Uncommon,2250,Right,N,"Equip 1, equipped can block an extra creature Slot: Right [+Life] +3 Battlefield: 1x Echo Circlet",Y,
Sorcerer's Wand,Uncommon,1000,Right,N,"Equip 3, ping a player for 1 or 2 if a wizard Slot: Right Battlefield: 1x Sorcerer's Wand",Y,
Celestial Sword,Rare,1000,Right,N,"Pay 3 for +3/+3 and die at EOT, not an equipment Slot: Right [+Life] +3 Battlefield: 1x Celestial Sword",Y,
Aegis of the Meek,Rare,1000,Right,N,Pay 1 to give a 1/1 +1/+2 until EOT Slot: Right [+Life] +3 Battlefield: 1x Aegis of the Meek,Y,
Runed Stalactite,Common,1000,Right,N,"Equip 2, +1/+1 and changeling Slot: Right [+Life] +2 Battlefield: 1x Runed Stalactite",Y,
Sword of the Ur-Dragon,Rare,1000,Right,N,"Equip 4, costs 1 less per color of target, +2/+2 and hexproof from monocolor Slot: Right Battlefield: 1x Dragonfire Blade",Y,
Tawnos's Wand,Uncommon,1000,Right,N,"Pay 2, creature with power 2 or less unblockable for a turn Slot: Right [+Life] +3 Battlefield: 1x Tawnos's Wand",Y,
Spy Kit,Uncommon,1000,Right,N,"Equip 2, +1/+1 and gain every name Slot: Right [+Life] +2 Battlefield: 1x Spy Kit",Y,
Shield of the Righteous,Uncommon,1000,Right,N,"Equip 2, +0/+2 and vigilance, stun on block Slot: Right [+Life] +4 Battlefield: 1x Shield of the Righteous",Y,
Short Sword,Uncommon,1000,Right,N,"Equip 1, +1/+1. Slot: Right [+Life] +3 Battlefield: 1x Short Sword",Y,
Steelclaw Lance,Uncommon,1000,Right,N,"Equip 3 or equip knight 1, +2/+2 Slot: Right [+Life] +2 Battlefield: 1x Steelclaw Lance",Y,
Starforged Sword,Uncommon,1000,Right,N,"Equip 3, +3/+3 and lose flying Slot: Right [+Life] +3 Battlefield: 1x Starforged Sword",Y,
Kor Halberd,Common,1000,Right,N,"Equip 1, +1/+1 and vigilance Slot: Right Battlefield: 1x Kor Halberd",Y,
Trusty Machete,Uncommon,1000,Right,N,"Equip 2, +2/+1 Slot: Right [+Life] +2 Battlefield: 1x Trusty Machete",Y,
Ceremonial Knife,Common,1000,Right,N,"Equip 2, +1/+0 and blood on hit Slot: Right [+Life] +2 Battlefield: 1x Ceremonial Knife",Y,
Blight Sickle,Common,1000,Right,N,"Equip 2, +1/+0 and wither Slot: Right Battlefield: 1x Blight Sickle",Y,
Goldvein Pick,Common,1000,Right,N,"Equip 1, +1/+1 and Treasure on hit Slot: Right Battlefield: 1x Goldvein Pick Starting hand: -1",Y,
Enormous Energy Blade,Uncommon,1000,Right,N,"Equip 2, +4/+0 but tap on equip Slot: Right Battlefield: 1x Enormous Energy Blade",Y,
Angelic Armaments,Uncommon,1000,Right,N,"Equip 4, +2/+2 and flying and become an angel Slot: Right [+Life] +4 Battlefield: 1x Angelic Armaments",Y,
Brawler's Cestus,Uncommon,3000,Right,N,"Equip 4, +2/+2 and trample Slot: Right [+Life] +4 Battlefield: 1x Brawler's Plate",Y,
Shield of Kaldra,Rare,1000,Right,N,"Equip 4, gives and is indestructible Slot: Right Battlefield: 1x Shield of Kaldra",Y,
Jousting Lance,Common,1500,Right,N,"Equip 3, +2/+0 and first strike on your turn Slot: Right [+Life] +2 Battlefield: 1x Jousting Lance",Y,
Fblthp's Lost Fishing Pole,Uncommon,1000,Right,N,"Equip 2, creature can pay 1 and tap to then untap for a 1/1 fish Slot: Right [+Life] +2 Battlefield: 1x Fishing Pole",Y,
Ramosian Greatsword,Uncommon,1000,Right,N,"Equip 2, +3/+1 and trample Slot: Right Battlefield: 1x Ramosian Greatsword",Y,
Ring of Xathrid,Uncommon,5000,Right,N,"Equip 1, pay 2 to regenerate and a +1/+1 each upkeep if black Slot: Right [+Life] -3 Battlefield: 1x Ring of Xathrid",Y,
Hoversail Glove,Common,1000,Right,N,"Equip 2, flying Slot: Right Battlefield: 1x Neurok Hoversail",Y,
Petrified Head,Uncommon,1000,Right,N,"Equip 2, deathtouch Slot: Right [+Life] +2 Battlefield: 1x Gorgon's Head",Y,
Bespoke Gauntlet,Common,1000,Right,N,"Equip 2, +2/+0, auto-attaches if 2 nontoken permanents entered Slot: Right [+Life] +2 Battlefield: 1x Bespoke Battlegarb",Y,
Ring of Dragon Blood,Uncommon,1000,Right,N,Pay 3 and tap for a +1/+1 counter Slot: Right [+Life] +3 Battlefield: 1x Dragon Blood,Y,
Ring of Thune,Uncommon,5000,Right,N,"Equip 1, vigilance and a +1/+1 each upkeep if white Slot: Right [+Life] -3 Battlefield: 1x Ring of Thune",Y,
Ring of Valkas,Uncommon,5000,Right,N,"Equip 1, haste and a +1/+1 each upkeep if red Slot: Right [+Life] -3 Battlefield: 1x Ring of Valkas",Y,
Pirate Hat in Hand,Common,1000,Right,N,"Equip 2 or Equip Pirate 1, +1/+1 and loot on attack Slot: Right Battlefield: 1x Pirate Hat",Y,
Witches' Eye,Uncommon,1000,Right,N,"Equip 1, equipped creature can pay 1 and tap to scry 1 Slot: Right [+Life] +2 Battlefield: 1x Witches' Eye",Y,
Draconian Cylix,Rare,1000,Right,N,"Pay 2, random discard, and tap to regenerate Slot: Right [+Life] +3 Battlefield: 1x Draconian Cylix",Y,
Adventuring Gear,Common,1000,Right,N,"Equip 1, +2/+2 per landfall Slot: Right Battlefield: 1x Adventuring Gear",Y,
Ring of Kalonia,Uncommon,5000,Right,N,"Equip 1, trample and a +1/+1 each upkeep if green Slot: Right [+Life] -3 Battlefield: 1x Ring of Kalonia",Y,
Ring of Evos Isle,Uncommon,5000,Right,N,"Equip 1, pay 2 for hexproof and a +1/+1 each upkeep if blue Slot: Right [+Life] -3 Battlefield: 1x Ring of Evos Isle",Y,
Siren Song Lyre,Uncommon,1000,Right,N,"Equip 2, equipped creature can pay 2 to tap a creature Slot: Right [+Life] +4 Battlefield: 1x Siren Song Lyre",Y,
Spidersilk Glove,Common,1500,Right,N,"Equip 2, +0/+2 and reach Slot: Right [+Life] +2 Battlefield: 1x Spidersilk Net",Y,
Spidersilk Helm,Common,1000,Neck,N,Your creatures get +0/+1 and reach. Slot: Neck [+Life] -3 Battlefield: 1x Spidersilk Armor,Y,
Full Moon Necklace,Uncommon,1000,Neck,N,Wolves and Werewolves get +1/+1 and trample. Slot: Neck Battlefield: 1x Howlpack Resurgence,Y,
Strider Reins,Common,1000,Right,N,"Equip 1, +1/+1 and haste Slot: Right Battlefield: 1x Strider Harness",Y,
Truth Butcher's Armor,Common,1000,Body,N,Huge hand size boost for huge life penalty Slot: Body [+Life] -10 Starting hand: 4,Y,
Flaming Armor,Uncommon,3000,Body,N,Lowers foe's starting health. Slot: Body Gives Opponent: [+Life] -8,Y,
Armor of Ramunap,Uncommon,1000,Body,N,"Taps for C or R for 1 life; 2RR, T, sac a desert to burn opp 2 Slot: Body Battlefield: 1x Ramunap Ruins Starting hand: -1",Y,
Crucible Armor,Rare,1000,Body,N,"Taps for C or 1, T to store, remove storage later for any color for dragons/dragon abilities Slot: Body Battlefield: 1x Crucible of the Spirit Dragon Starting hand: -1",Y,
Blessed Armor,Mythic,11250,Body,N,"A powerful life boost, but boosts your foe as well. Slot: Body [+Life] +15 Gives Opponent: [+Life] +5",Y,
Nomad Armor,Uncommon,1000,Body,N,"Adds W for 1 life or W, T, sac, gain 4 life Slot: Body Battlefield: 1x Nomad Stadium Starting hand: -1",Y,
Forbidden Robes,Uncommon,3000,Body,N,Two extra cards at the cost of life Slot: Body [+Life] -7 Starting hand: 2,Y,
Cabal Armor,Uncommon,1000,Body,N,"Adds B for 1 life or B, T, sac, give -2/-2 Slot: Body Battlefield: 1x Cabal Pit Starting hand: -1",Y,
Armor of Ifnir,Uncommon,1000,Body,N,"Taps for C or B for 1 life; 2BB, T, sac a desert for 2 -1/-1 counters at sorcery speed Slot: Body Battlefield: 1x Ifnir Deadlands Starting hand: -1",Y,
Crystalline Armor,Rare,1000,Body,N,"Taps for C or 5, T for WUBRG Slot: Body [+Life] -5 Battlefield: 1x Crystal Quarry",Y,
Centaur Armor,Uncommon,1000,Body,N,"Adds G for 1 life or G, T, sac, give +3/+3 Slot: Body Battlefield: 1x Centaur Garden Starting hand: -1",Y,
Oracle's Robes,Rare,1000,Body,N,"Taps for C or 1, T to filter or tap for a +1/+1 counter if you've cast an inst/sorc Slot: Body Battlefield: 1x Hall of Oracles Starting hand: -1",Y,
Nivix Vest,Uncommon,1000,Body,N,"Taps for C or 2UR, T to impulse draw an instant/sorc Slot: Body [+Life] +4 Battlefield: 1x Nivix, Aerie of the Firemind Starting hand: -1",Y,
Rancher's Garb,Uncommon,1000,Body,N,"Taps for C or any color for a Mount, 3 and T to look at top and draw if a mount Slot: Body [+Life] +3 Battlefield: 1x Bucolic Ranch Starting hand: -1",Y,
Steel Armor,Uncommon,3000,Body,N,Basic life boost Slot: Body [+Life] +4,Y,
Armor of Ipnu,Uncommon,1000,Body,N,"Taps for C or U for 1 life; 1U, T, sac a desert to mill someone four Slot: Body Battlefield: 1x Ipnu Rivulet Starting hand: -1",Y,
Heavy Armor,Mythic,11250,Body,N,An amazing life boost but opponent's permanents enter untapped. Slot: Body [+Life] +15 Gives Opponent: Battlefield: 1x Amulet of Vigor,Y,
Liliana's Veil,Uncommon,1000,Neck,N,"At each end step, create a 2/2 zombie if you played a walker. Slot: Neck Battlefield: 1x Oath of Liliana",Y,
Armor of the First,Rare,1000,Body,N,"Taps for C or any color for a Sliver, 5 and tap for a 1/1 sliver token if you control a sliver Slot: Body [+Life] -5 Battlefield: 1x Sliver Hive",Y,
Barbarian Armor,Uncommon,1000,Body,N,"Adds R for 1 life or R, T, sac, ping for 2 Slot: Body Battlefield: 1x Barbarian Ring Starting hand: -1",Y,
Librarian's Robes,Rare,1000,Body,N,"Taps for C or 2, T to look at top and draw if inst/sorc if hand size 0 or 7 Slot: Body [+Life] +2 Battlefield: 1x The Biblioplex Starting hand: -1",Y,
Sanctuary Armor,Rare,1000,Body,N,"Adds C or 2, T: Put a +1/+1 counter on a Bird, Cat, Dog, Goat, Ox, or Snake. Slot: Body [+Life] -5 Battlefield: 1x Animal Sanctuary",Y,
Glacial Armor,Uncommon,1000,Body,N,"Taps for Snow or 4S, T, Sac for 4 damage to a creature Slot: Body [+Life] +4 Battlefield: 1x Mouth of Ronom Starting hand: -1",Y,
Fblthp's Lost Shirt,Rare,1000,Body,N,"Taps for C or 4, T to remove an attacker Slot: Body Battlefield: 1x Mystifying Maze Starting hand: -1",Y,
Armor of Urami,Rare,1000,Body,N,"Taps for B but lose 1 unless you have an ogre, 2BB, T, Sac all your lands: make a 5/5 flying demon Slot: Body [+Life] -6 Battlefield: 1x Tomb of Urami",Y,
Mithril Armor,Mythic,6000,Body,N,Solid life boost Slot: Body [+Life] +8,Y,
Cloak of the Wastes,Common,3000,Body,N,"Gives a colorless land, but -1 hand size Slot: Body Battlefield: 1x Wastes Starting hand: -1",Y,
Meadow Outfit,Common,7500,Body,N,"Taps for W. -5 life, -1 hand size. Slot: Body [+Life] -5 Battlefield: 1x Drifting Meadow Starting hand: -1",Y,
Isle Shirt,Common,7500,Body,N,"Taps for U. -5 life, -1 hand size. Slot: Body [+Life] -5 Battlefield: 1x Remote Isle Starting hand: -1",Y,
Mire Leather,Common,7500,Body,N,"Taps for B. -5 life, -1 hand size. Slot: Body [+Life] -5 Battlefield: 1x Polluted Mire Starting hand: -1",Y,
Smoldering Cloak,Common,7500,Body,N,"Taps for R. -5 life, -1 hand size. Slot: Body [+Life] -5 Battlefield: 1x Smoldering Crater Starting hand: -1",Y,
Karst Shawl,Common,7500,Body,N,"Taps for G. -5 life, -1 hand size. Slot: Body [+Life] -5 Battlefield: 1x Slippery Karst Starting hand: -1",Y,
Token of Bounty,Mythic,30000,Token,N,"Grants a token in a special slot with 2, T, sac: Gain 3 life. Slot: Token Battlefield: 1x Food Token",Y,
Token of Investigation,Mythic,70000,Token,N,"Grants a token in a special slot with 2, sac: Draw a card. Slot: Token Battlefield: 1x Clue Token",Y,
Token of Blood,Mythic,50000,Token,N,"Grants a token in a special slot with 1, T, sac: Discard, then draw. Slot: Token Battlefield: 1x Blood Token",Y,
Token of Violence,Mythic,40000,Token,N,"Grants a token in a special slot with equip 1: 1, T, sac: ping for 2 Slot: Token Battlefield: 1x Rock",Y,
Token of Exploration,Mythic,50000,Token,N,"Grants a token in a special slot with 1, T, sac: Explore. Slot: Token Battlefield: 1x Map Token",Y,
Phelddagrif Plate,Mythic,1000,Body,N,Opponent gets a 2/2 hippo; you get a card and some life Slot: Body [+Life] +8 Starting hand: 1 Gives Opponent: Battlefield: 1x Pygmy Hippo,Y,
Parun's Armor,Rare,1000,Body,N,Taps for any color only for multicolor Slot: Body [+Life] +5 Battlefield: 1x Pillar of the Paruns Starting hand: -1,Y,
Cephalid Armor,Uncommon,1000,Body,N,"Adds U for 1 life or U, T, sac, draw 3 discard 3 Slot: Body Battlefield: 1x Cephalid Coliseum Starting hand: -1",Y,
Urza's Robe,Rare,1000,Body,N,Taps for C for each urza's land if metalcraft Slot: Body Battlefield: 1x Urza's Workshop Starting hand: -1,Y,
Cloak of Prahv,Uncommon,1000,Body,N,"Taps for C or 4WU, T to prevent all damage from one source Slot: Body [+Life] +4 Battlefield: 1x Prahv, Spires of Order Starting hand: -1",Y,
Cloak of Svogthos,Uncommon,1000,Body,N,"Taps for C or 3BG to animate as an X/X where X is creatures in your graveyard Slot: Body [+Life] +4 Battlefield: 1x Svogthos, the Restless Tomb Starting hand: -1",Y,
Vitu-Ghazi Cloak,Uncommon,1000,Body,N,"Taps for C or 2WG, T to make a 1/1 saproling Slot: Body [+Life] +2 Battlefield: 1x Vitu-Ghazi, the City-Tree Starting hand: -1",Y,
Pinecrest Cloak,Uncommon,1000,Body,N,Taps for C or G/R but then skips untapping Slot: Body [+Life] +4 Battlefield: 1x Pinecrest Ridge Starting hand: -1,Y,
Mantle of Dusk,Uncommon,1000,Body,N,"Taps for C or UB, T to have target player mill 1 Slot: Body [+Life] +4 Battlefield: 1x Duskmantle, House of Shadow Starting hand: -1",Y,
Cloak of Orzhova,Uncommon,1000,Body,N,"Taps for C or 3BW, T to drain 1 Slot: Body [+Life] +4 Battlefield: 1x Orzhova, the Church of Deals Starting hand: -1",Y,
Tranquil Cloak,Uncommon,1000,Body,N,Taps for C or W/G but then skips untapping Slot: Body [+Life] +4 Battlefield: 1x Tranquil Garden Starting hand: -1,Y,
Novijen Cloak,Uncommon,1000,Body,N,"Taps for C or GU, T to give each creature that entered this turn a +1/+1 counter Slot: Body [+Life] +2 Battlefield: 1x Novijen, Heart of Progress Starting hand: -1",Y,
Explorer's Cloak,Uncommon,1000,Body,N,"Taps for C or 3, T to make a power 3< creature unblockable Slot: Body Battlefield: 1x Access Tunnel Starting hand: -1",Y,
Cloudcrest Cloak,Uncommon,1000,Body,N,Taps for C or W/U but then skips untapping Slot: Body [+Life] +4 Battlefield: 1x Cloudcrest Lake Starting hand: -1,Y,
Seraphim Wings,Common,1000,Body,N,"Taps for C, gain 1 when an angel enters Slot: Body [+Life] -5 Battlefield: 1x Seraph Sanctuary",Y,
Lantern-Lit Cloak,Uncommon,1000,Body,N,Taps for C or B/R but then skips untapping Slot: Body [+Life] +4 Battlefield: 1x Lantern-Lit Graveyard Starting hand: -1,Y,
Sunhome Cloak,Uncommon,1000,Body,N,"Taps for C or 2WR, T for double strike Slot: Body [+Life] +2 Battlefield: 1x Sunhome, Fortress of the Legion Starting hand: -1",Y,
Sage's Robes,Uncommon,3000,Body,N,An extra card and some life. Slot: Body [+Life] +3 Starting hand: 1,Y,
Skargg Cloak,Uncommon,1000,Body,N,"Taps for C or GR, T for +1/+1 and trample Slot: Body [+Life] +2 Battlefield: 1x Skarrg, the Rage Pits Starting hand: -1",Y,
Diamond Belt,Rare,1000,Body,N,Tap to sac a creature for life equal to its toughness. Doesn't give mana. Slot: Body Battlefield: 1x Diamond Valley,Y,
Waterveil Cloak,Uncommon,1000,Body,N,Taps for C or B/U but then skips untapping Slot: Body [+Life] +4 Battlefield: 1x Waterveil Cavern Starting hand: -1,Y,
Rix Maadi Cloak,Uncommon,1000,Body,N,"Taps for C or 1BR, T to make each player discard at sorcery speed Slot: Body [+Life] +4 Battlefield: 1x Rix Maadi, Dungeon Palace Starting hand: -1",Y,
Scrapling Shoes,Common,1000,Boots,N,A 1/1 Myr. Sac for a +1/+1 counter. Slot: Boots Battlefield: 1x Myr Scrapling,Y,
Infernal Armor,Common,1000,Body,N,"Three extra cards, but you are stalked by a 5/5 flying demon. Slot: Body Starting hand: 3 Gives Opponent: Battlefield: 1x Tombstalker",Y,
Thunder Lasso,Uncommon,1000,Right,N,"Equip 2, +1/+1 and tap a creature on attack Slot: Right Battlefield: 1x Thunder Lasso",Y,
Generous Armor,Common,1000,Body,N,Gift your foe 10 life. Get better win rewards. Slot: Body Bonus enemy deck rewards: +1 Gives Opponent: [+Life] +10,Y,
Generous Pants,Common,1000,Boots,N,Gift your foe a 5/5 reach trampler. Get better win rewards. Slot: Boots Bonus enemy deck rewards: +1 Gives Opponent: Battlefield: 1x Quaketusk Boar,Y,
Generous Necklace,Common,1000,Neck,N,Gift your foe rhystic study. Get better win rewards. Slot: Neck Bonus enemy deck rewards: +1 Gives Opponent: Battlefield: 1x Rhystic Study,Y,
Generous Ring,Common,1000,Right,N,Gift your foe swiftfoot boots. Get better win rewards. Slot: Right Bonus enemy deck rewards: +1 Gives Opponent: Battlefield: 1x Swiftfoot Boots,Y,
Generous Coin,Common,1000,Left,N,Gift your foe buried treasure. Get better win rewards. Slot: Left Bonus enemy deck rewards: +1 Gives Opponent: Battlefield: 1x Buried Treasure,Y,
Generous Ingot,Rare,5000,Pocket,N,Gift your foe a mana rock. Get better win rewards. Uses its own slot. Slot: Pocket Bonus enemy deck rewards: +1 Gives Opponent: Battlefield: 1x Darksteel Ingot,Y,
Medal of the Outnumbered,Uncommon,2000,Medal,N,"Opponent starts with two creatures, greatly improves win rewards. Slot: Medal Bonus enemy deck rewards: +2 Gives Opponent: Battlefield: 1x Sickle Dancer 1x Aurora Champion",Y,
Medal of the Outgunned,Common,1000,Medal,N,"Opponent starts with two equipments, improves win rewards. Slot: Medal Bonus enemy deck rewards: +1 Gives Opponent: Battlefield: 1x Sword of Vengeance 1x Champion's Helm",Y,
Medal of the Outmaneuvered,Common,1000,Medal,N,"Opponent starts with an extra land, improves win rewards. Slot: Medal Bonus enemy deck rewards: +1 Gives Opponent: Battlefield: 1x Gemstone Mine",Y,
Medal of the Outmatched,Uncommon,2000,Medal,N,"Opponent starts with two enchantments, greatly improves win rewards. Slot: Medal Bonus enemy deck rewards: +2 Gives Opponent: Battlefield: 1x Phyrexian Arena 1x Exploration",Y,
Medal of the Overpowered Opponent,Uncommon,3000,Medal,N,"Opponent starts with four cards, vastly improves rewards. Slot: Medal Bonus enemy deck rewards: +3 Gives Opponent: Battlefield: 1x Gemstone Mine 1x Phyrexian Arena 1x Champion's Helm 1x Champion Lancer",Y,
Medal of the Overwhelmed Champion,Uncommon,3000,Medal,N,"Start with a big handicap, vastly improves win rewards. Slot: Medal [+Life] -10 Starting hand: -2 Bonus enemy deck rewards: +3 Gives Opponent: [+Life] +10",Y,
Medal of Ultimate Victory,Common,1000,Medal,N,A medal awarded to the one who has defeated the ultimate opponent. Slot: Medal [+Life] -20 Bonus enemy deck rewards: +5 Gives Opponent: [+Life] +20,Y,
Mad Hat,Common,1000,Neck,N,Randomly swap permanents each upkeep. Slot: Neck Battlefield: 1x Power Struggle,Y,
Faerie Anklet,Uncommon,1000,Boots,N,1/3 flier. Pay 1GG for a random effect. Slot: Boots [+Life] +3 Battlefield: 1x Faerie Dragon,Y,
Fleshwright Chaps,Uncommon,1000,Boots,N,"3/1 flying zombie, 1U and discard 2 to reanimate tapper Slot: Boots [+Life] -4 Battlefield: 1x Stitchwing Skaab",Y,
Thirsting Axe,Uncommon,1000,Right,N,"Equip 2, +4/+0 but die at EOT if it hasn't hit a creature Slot: Right [+Life] +4 Battlefield: 1x Thirsting Axe",Y,
Ghostfire Blade,Rare,1000,Right,N,"Equip 3 or 1 to colorless, +2/+2 Slot: Right Battlefield: 1x Ghostfire Blade",Y,
Chitinous Club,Uncommon,1500,Right,N,"Equip 3, +2/+2 and menace Slot: Right [+Life] +2 Battlefield: 1x Chitinous Cloak",Y,
Dire Flail,Rare,5000,Right,N,"Equip 1, +2/+0, Craft with artifact for 3RR to upgrade. Slot: Right Battlefield: 1x Dire Flail",Y,
Poet's Quill,Rare,5000,Right,N,"Equip 1B, +1/+1 and lifelink. Slot: Right Battlefield: 1x Poet's Quill",Y,
Giant's Bracer,Uncommon,5000,Right,N,"Equip 2, +0/+1 and hexproof while untapped. Slot: Right Battlefield: 1x Giant's Amulet",Y,
Skyclave Maul,Rare,5000,Right,N,"Equip 2WW, +2/+2 flying and first strike Slot: Right Battlefield: 1x Maul of the Skyclaves",Y,
Colossal Dreadmace,Common,5000,Right,N,"Equip 3GG, +6/+6 and trample. Slot: Right Battlefield: 1x Colossal Dreadmask",Y,
Sinistral Gauntlet,Mythic,5000,Left,N,"Worn on the left, it frees the right: a second right-hand slot opens while it is buckled on. The pact costs you two life in every duel. Slot: Left [+Life] -2",Y,
Dextral Gauntlet,Mythic,5000,Right,N,"Worn on the right, it frees the left: a second left-hand slot opens while it is buckled on. The pact costs you two life in every duel. Slot: Right [+Life] -2",Y,
Jewel of Blessings,Uncommon,12000,Neck,N,All your creatures gain vigilance. Slot: Neck Battlefield: 1x Serra's Blessing,Y,
Jewel of War,Uncommon,30000,Neck,N,Your attacking creatures get +1/+0. Slot: Neck Battlefield: 1x Goblin Oriflamme,Y,
Ghoulish Jewel,Rare,30000,Neck,N,Once a turn when a nontoken dies make a 2/2 decayed zombie. Slot: Neck Battlefield: 1x Ghoulish Procession,Y,
Jewel of Rage,Uncommon,30000,Neck,N,All your creatures gain trample. Slot: Neck Battlefield: 1x Primal Rage,Y,
High Ground Helm,Uncommon,9000,Neck,N,Your creatures can each block an extra creature. Slot: Neck Battlefield: 1x High Ground,Y,
Cunning Mask,Uncommon,9000,Neck,N,You can bounce your blocked attackers. Slot: Neck Battlefield: 1x Cunning Evasion,Y,
Mighty Helm,Uncommon,9000,Neck,N,Your creatures with power 5+ get two +1/+1s on enter. Slot: Neck Battlefield: 1x Mighty Emergence,Y,
Helm of the Fallen,Uncommon,9000,Neck,N,"Each upkeep, if opp lost life last turn, put a +1/+1 counter. Slot: Neck Battlefield: 1x Feast on the Fallen",Y,
Helm of Battle,Common,9000,Neck,N,"During your combat, give a creature +2/+0. Slot: Neck Battlefield: 1x Battle Plan",Y,
Vampiric Amulet,Uncommon,1000,Neck,N,"Your attacking creatures get first strike, vampires get a +1/+1 counters on hit. Slot: Neck Battlefield: 1x Stensia Masquerade",Y,
Massacre Helm,Mythic,1000,Neck,N,"When your creatures die, opp loses 1. When theirs die, you gain 1. Slot: Neck Battlefield: 1x The Meathook Massacre",Y,
Glorious Helm,Rare,1000,Neck,N,Your creatures get +1/+1. Slot: Neck Battlefield: 1x Glorious Anthem,Y,
War Helm,Uncommon,1000,Neck,N,Your creatures get menace. Slot: Neck Battlefield: 1x Goblin War Drums,Y,
Helm of Contemplation,Uncommon,1000,Neck,N,"When you cast a noncreature, pay 1 to tap and stun a creature. Slot: Neck Battlefield: 1x Quiet Contemplation",Y,
Helm of Myth,Rare,1000,Neck,N,Gains a counter on each noncreature spell you cast. W: it becomes an X/X Monk this turn. Slot: Neck Battlefield: 1x Myth Realized,Y,
Outlaw's Hat,Uncommon,1000,Neck,N,"Gives a 1/1 mercenary. When one of your outlaws dies, drain opp 1 life. Slot: Neck Battlefield: 1x Rakish Crew 1x Mercenary Token",Y,
Manaforce Mace,Uncommon,1000,Right,N,Equip 3. +X/+X equal to domain Slot: Right [+Life] +3 Battlefield: 1x Manaforce Mace,Y,
Shadowspear,Rare,1000,Right,N,Equip 2: +1/+1 trample and lifelink. Can also remove hexproof/indest. Slot: Right Battlefield: 1x Shadowspear,Y,
Hengestrider Boots,Uncommon,1000,Boots,N,"3/4 artifact creature, 2: trample until EOT. Slot: Boots Battlefield: 1x Henge Guardian",Y,
Tome of Blight,Uncommon,1000,Left,N,"3, T, Sac: Destroy target land Slot: Left [+Life] +3 Battlefield: 1x Ark of Blight",Y,
Winter Boots,Common,1000,Boots,N,"0/4, T, sac: -0/-X where X is snow lands Slot: Boots Battlefield: 1x Priest of the Haunted Edge",Y,
Token of Blades,Mythic,50000,Token,N,Grants a token in a special slot with Equip 2: +1/+1. Slot: Token Battlefield: 1x Sword,Y,
Token of Decay,Mythic,40000,Token,N,Grants a 2/2 decayed zombie token in a special slot. Slot: Token Battlefield: 1x Zombie Token,Y,
Token of Insight,Mythic,90000,Token,N,"Grants a token in a special slot with 2, sac: Scry 1 then draw. Slot: Token [+Life] -3 Battlefield: 1x Shard Token",Y,
Token of Shielding,Mythic,60000,Token,N,Grants a 0/3 defender wall token in a special slot. Slot: Token Battlefield: 1x Wall Token,Y,
Token of Landing,Mythic,50000,Token,N,"Grants a token in a special slot with 2, T, sac: get a tapped basic. Slot: Token Battlefield: 1x Lander Token Starting hand: -1",Y,
Token of Spirit,Mythic,50000,Token,N,Grants a 1/1 colorless spirit token in a special slot. Slot: Token Battlefield: 1x Spirit Token,Y,
Token of Soaring Spirit,Mythic,80000,Token,N,Grants a 1/1 white/black spirit token with flying in a special slot. Slot: Token Battlefield: 1x Spirit Token,Y,
Pilgrim's Cloak,Common,1000,Body,N,Sac for a tapped basic Slot: Body [+Life] -5 Battlefield: 1x Evolving Wilds,Y,
Bronze Challenge Coin,Mythic,1000,,N,"Free entry to a Jumpstart event. Or, after losing a duel, hand it to the victor to buy back every card you anted and keep your gold - beat them later to take it back.",Y,
Sir Donovan's Amulet,Common,1000,,Y,A talisman for remotely contacting your employer,Y,
Landscape Sketchbook,Common,1000,,Y,A leather bound notebook containing sketches of various landscapes across Shandalar,Y,
Landscape Sketchbook - 30th Anniversary Edition,Common,1000,,N,A leather bound notebook filled with sketches of iconic landscapes from throughout Magic's history,Y,
Landscape Sketchbook - Thrones of Eldraine,Common,1000,,N,A leather bound notebook filled with fairy tale sketches of enchanted castles and mystical groves,Y,
Chandra's Tome,Rare,8000,Left,N,Draft a Chandra themed card that can be cast with mana of any color Slot: Left Command: 1x Chandra's Tome,Y,
Phoenix Charm,Rare,8000,Neck,N,"Draft a Phoenix card, or conjure one to be cast with mana of any color Slot: Neck Command: 1x Phoenix Charm",Y,
Chandra's Stone,Common,1000,,N,A small red gemstone recovered after your battle with Chandra,Y,
Phoenix,Common,1000,Neck,N,"Draft a Phoenix card, or conjure one to be cast with mana of any color Slot: Neck Command: 1x Phoenix Charm",Y,
Liliana's Stone,Common,1000,,N,A small black gemstone recovered after your battle with Liliana,Y,
Demonic Contract,Rare,15000,Right,N,Sign away your soul to know what the future holds Slot: Right Command: 1x Demonic Contract,Y,
Piper's Charm,Common,1500,Neck,N,Slot: Neck Command: 1x Piper's Charm,Y,
Sleep Wand,Common,1500,Left,N,Slot: Left Command: 1x Sleep Wand,Y,
Hill Giant Club,Uncommon,2500,Right,N,Slot: Right Command: 1x Hill Giant Club,Y,
Cursed Treasure,Rare,6000,Right,N,Slot: Right Command: 1x Cursed Treasure,Y,
Farmer's Tools,Rare,6000,Left,N,Slot: Left Command: 1x Farmer's Tools,Y,
Sol Ring,Uncommon,25000,Left,N,Slot: Left Battlefield: 1x Sol Ring,Y,
Mox Emerald,Rare,25000,Neck,N,Slot: Neck Battlefield: 1x Mox Emerald,Y,
Mox Jet,Rare,25000,Neck,N,Slot: Neck Battlefield: 1x Mox Jet,Y,
Mox Pearl,Rare,25000,Neck,N,Slot: Neck Battlefield: 1x Mox Pearl,Y,
Mox Ruby,Rare,25000,Neck,N,Slot: Neck Battlefield: 1x Mox Ruby,Y,
Mox Sapphire,Rare,25000,Neck,N,Slot: Neck Battlefield: 1x Mox Sapphire,Y,
Battle Standard,Common,1500,Left,N,Slot: Left [+Life] -1 Battlefield: 1x Goblin Token,Y,
Hivestone,Rare,4000,Left,N,Slot: Left Battlefield: 1x Hivestone,Y,
Life Amulet,Uncommon,4000,Neck,N,Slot: Neck [+Life] +2,Y,
Basement Key,Common,1000,,Y,,Y,Currently Unused
Outer Gate Key,Common,1000,,Y,,Y,Currently Unused
Strange Key,Common,1000,,Y,,Y,
Torturer's Key,Common,1000,,Y,,Y,Currently Unused
Grolnok's Key,Common,1000,,Y,,Y,Currently Unused
Rusty Old Key,Common,1000,,Y,,Y,Currently Unused
Illusionist's Key,Common,1000,,Y,,Y,Currently Unused
Sorin's Key,Common,1000,,Y,,Y,Currently Unused
Tibalt's Key,Common,1000,,Y,,Y,Currently Unused
Axt,Common,2500,Left,N,Slot: Left Battlefield: 1x Bonesplitter,Y,
Bronze Sword,Common,2500,Left,N,Slot: Left Battlefield: 1x Bronze Sword,Y,
Iron Boots,Uncommon,2000,Boots,N,Slot: Boots [+MovementSpeed] +20%,Y,
Iron Shield,Rare,6500,Right,N,Slot: Right [+Life] +2,Y,
Iron Armor,Uncommon,3000,Body,N,Slot: Body [+Life] +2,Y,
Steel Sword,Uncommon,4500,Left,N,Slot: Left Battlefield: 1x Greatsword,Y,
Steel Shield,Rare,6500,Right,N,Slot: Right Battlefield: 1x Wall Token,Y,
Armor of the Hivelord,Mythic,20000,Body,N,Slot: Body [+Life] +5 Starting hand: 1,Y,
Leather Boots,Common,500,Boots,N,Slot: Boots [+MovementSpeed] +15%,Y,
Jungle Shield,Uncommon,4500,Right,N,Slot: Right Battlefield: 1x Plant Token,Y,
Sorin's Amulet,Rare,12000,Neck,N,Slot: Neck [+Life] +2 Command: 1x Sorin's Amulet,Y,
Dagger,Common,2000,Left,N,Slot: Left Battlefield: 1x Spare Dagger,Y,
Cheat,Mythic,50000,Neck,N,Slot: Neck Battlefield: 1x Avatar of Slaughter 1x Urabrask the Hidden 1x Blightsteel Colossus,Y,
Aladdin's Ring,Rare,1500,Right,N,Slot: Right Battlefield: 1x Aladdin's Ring,Y,
Spell Book,Rare,8000,Left,N,Slot: Left Starting hand: 1,Y,
Cursed Ring,Uncommon,4000,Right,N,Slot: Right Battlefield: 3x Goblin Construct Token,Y,
Mithril Boots,Rare,10000,Boots,N,Slot: Boots [+Life] +2 [+MovementSpeed] +30%,Y,
Mithril Shield,Rare,6500,Right,N,Slot: Right Battlefield: 1x Wall Token,Y,
Presence of the Hydra,Uncommon,4000,Left,N,Slot: Left [+Life] +2 Command: 1x Presence of the Hydra,Y,
Death Ring,Uncommon,3500,Right,N,Slot: Right Command: 1x Death Ring,Y,
Flame Sword,Rare,6000,Left,N,Slot: Left Command: 1x Flame Sword,Y,
Mirror Shield,Uncommon,2500,Right,N,Slot: Right Battlefield: 1x Mirror Shield,Y,
Basilisk Collar,Rare,25000,Neck,N,Equipment that gives deathouch and lifelink Slot: Neck [+Life] +1 Battlefield: 1x Basilisk Collar Starting hand: -1,Y,
Evil Ankh,Rare,25000,Right,N,Start with Ankh of Mishra Slot: Right [+Life] +1 Battlefield: 1x Ankh of Mishra Starting hand: -1,Y,
Staff of the Demoncaller,Mythic,25000,Left,N,"Griselbrand starts in the command zone, but there's a catch ... Slot: Left [+Life] +3 Command: 1x Staff of the Demoncaller Effect",Y,
Dungeon Map,Uncommon,12000,Right,N,Slot: Right Battlefield: 1x Dungeon Map,Y,
Concordant Boots,Rare,9000,Boots,N,All creatures have haste Slot: Boots Battlefield: 1x Concordant Crossroads,Y,
Crown of Growth,Uncommon,3000,Neck,N,Start with Season of Growth Slot: Neck [+Life] +1 Battlefield: 1x Season of Growth Starting hand: -1,Y,
Mantle of Denial,Uncommon,3000,Body,N,Start with Hesitation Slot: Body [+Life] +1 Battlefield: 1x Hesitation Starting hand: 1,Y,
Aladdin's Lamp,Rare,1000,Right,N,Slot: Right Battlefield: 1x Aladdin's Lamp,Y,
Heart-Piercer,Common,2000,Left,N,Slot: Left Battlefield: 1x Heart-Piercer Bow,Y,
Warren Tender's Baton,Rare,3000,Left,N,Pay 2R and sac 2 Goblins to create 3 1/1 Goblin tokens Slot: Left [+Life] +1 Battlefield: 1x Goblin Warrens,Y,
Wood Bow,Uncommon,1000,Left,N,Slot: Left Battlefield: 1x Fyndhorn Bow,Y,
Robes of Omniscience,Rare,10000,Body,N,-6 life. Draw 2 extra cards at game start Slot: Body [+Life] -6 Starting hand: 2,Y,
Sandals,Common,100,Boots,N,Slot: Boots [+MovementSpeed] +10%,Y,
Gold Boots,Rare,10000,Boots,N,Slot: Boots [+Life] +2 [+MovementSpeed] +30%,Y,
Gold Shield,Rare,13000,Right,N,Slot: Right [+Life] +3,Y,
Gold Armor,Rare,15000,Body,N,Slot: Body [+Life] +4,Y,
Dark Boots,Uncommon,2000,Boots,N,Slot: Boots [+Life] -2 Battlefield: 1x Clattering Augur [+MovementSpeed] +30%,Y,
Dark Shield,Common,2500,Right,N,Slot: Right [+Life] -3 Battlefield: 1x Barrier of Bones,Y,
Dark Armor,Common,3000,Body,N,Slot: Body [+Life] -2 Battlefield: 1x Skeletal Snake,Y,
Blood Vial,Common,1000,Right,N,Slot: Right Battlefield: 1x Blood Token,Y,
Charm,Uncommon,3000,Right,N,Slot: Right Battlefield: 1x Clue Token,Y,
Snack,Common,1000,Right,N,Slot: Right Battlefield: 1x Food Token,Y,
Change,Rare,5000,Right,N,Slot: Right Battlefield: 1x Gold Token,Y,
Treasure,Rare,5000,Right,N,Slot: Right Battlefield: 1x Treasure Token,Y,
Magic Shard,Uncommon,3500,Right,N,Slot: Right Battlefield: 1x Shard Token,Y,
Mad Staff,Common,4000,Left,N,Slot: Left Battlefield: 1x Power Struggle,Y,
Dark Amulet,Common,3000,Neck,N,Slot: Neck Battlefield: 1x Necropolis of Azar,Y,
Pandora's Box,Common,1500,Right,N,Slot: Right Battlefield: 1x Pandora's Box,Y,
Disrupting Scepter,Rare,2500,Left,N,Slot: Left Battlefield: 1x Disrupting Scepter,Y,
Entrancing Lyre,Uncommon,6000,Right,N,Slot: Right Battlefield: 1x Entrancing Lyre,Y,
Heavy Arbalest,Uncommon,1500,Left,N,Slot: Left Battlefield: 1x Heavy Arbalest,Y,
Ring of Three Wishes,Mythic,2500,Right,N,Slot: Right Battlefield: 1x Ring of Three Wishes,Y,
The Blackstaff of Waterdeep,Rare,3500,Left,N,Slot: Left Battlefield: 1x The Blackstaff of Waterdeep,Y,
Unerring Sling,Uncommon,4000,Left,N,Slot: Left Battlefield: 1x Unerring Sling,Y,
Jeweled Amulet,Uncommon,5000,Neck,N,Slot: Neck Battlefield: 1x Jeweled Amulet,Y,
Traveler's Amulet,Common,5000,Neck,N,Slot: Neck Battlefield: 1x Traveler's Amulet,Y,
Relic Amulet,Uncommon,2500,Neck,N,Slot: Neck Battlefield: 1x Relic Amulet,Y,
Amulet of Kroog,Common,3000,Neck,N,Slot: Neck Battlefield: 1x Amulet of Kroog,Y,
Amulet of Vigor,Rare,7000,Neck,N,Slot: Neck Battlefield: 1x Amulet of Vigor,Y,
Veilstone Amulet,Rare,5000,Neck,N,Slot: Neck Battlefield: 1x Veilstone Amulet,Y,
Jandor's Ring,Rare,2500,Right,N,Slot: Right Battlefield: 1x Jandor's Ring,Y,
Jinxed Ring,Uncommon,2500,Right,N,Slot: Right Gives Opponent: Battlefield: 1x Jinxed Ring,Y,
Nine-Ringed Bo,Uncommon,1000,Left,N,Slot: Left Battlefield: 1x Nine-Ringed Bo,Y,
Ring of Immortals,Rare,4000,Right,N,Slot: Right Battlefield: 1x Ring of Immortals,Y,
Prism Ring,Uncommon,2000,Right,N,Slot: Right Battlefield: 1x Prism Ring,Y,
Ring of Renewal,Rare,5000,Right,N,Slot: Right Battlefield: 1x Ring of Renewal,Y,
Kite Shield,Uncommon,1500,Right,N,Slot: Right Battlefield: 1x Kite Shield,Y,
Shell Wand,Uncommon,4000,Left,N,Slot: Left Gives Opponent: [+Life] -2,Y,
Manasight Amulet,Uncommon,4000,Neck,N,"Grants Manasight, letting you know the colors used by your adversaries Slot: Neck Manasight.",Y,
Lightbringers Boots,Common,8000,Boots,N,Brings life to both friend and foe Slot: Boots Battlefield: 1x Ajani's Mantra Gives Opponent: [+Life] +5,Y,
Fortune Coin,Rare,10000,Left,N,Slot: Left Shop discount: x0.85 Bonus enemy deck rewards: +1,Y,
White Staff,Common,5000,Ability1,Y,Heals you half of your life Slot: Ability1 5 [+Shards],Y,
Black Staff,Common,5000,Ability1,Y,Hide from enemies for some time Slot: Ability1 5 [+Shards],Y,
Blue Staff,Common,5000,Ability1,Y,Lets you fly for some time Slot: Ability1 5 [+Shards],Y,
Red Staff,Common,5000,Ability1,Y,Kills the closest enemy on the Overworld Slot: Ability1 5 [+Shards],Y,
Green Staff,Common,5000,Ability1,Y,Doubles your speed for some time Slot: Ability1 5 [+Shards],Y,
Slimefoot's Slimy Staff,Rare,8000,Left,N,Slot: Left [+Life] +2 Command: 1x Slimefoot's Slimy Staff,Y,
Kiora's Bident,Common,10000,Left,N,Slot: Left [+Life] -1 Battlefield: 1x Kraken Hatchling Command: 1x Kiora's Bident,Y,
Slime-Covered Boots,Rare,6000,Boots,N,Slot: Boots [+Life] -1 Battlefield: 1x Ooze Flux [+MovementSpeed] +20%,Y,
Amulet of the Deceiver,Rare,10000,Neck,N,Slot: Neck [+Life] -1 Battlefield: 1x Bloodsprout Talisman [+MovementSpeed] +20% Gives Opponent: Battlefield: 1x Illusory Demon,Y,
Jace's Signature Hoodie,Rare,12000,Body,N,Slot: Body [+Life] -1 Command: 1x Jace's Signature Hoodie Bonus enemy deck rewards: +1,Y,
Teferi's Staff,Rare,12000,Left,N,Slot: Left [+Life] +1 Command: 1x Teferi's Staff Bonus enemy deck rewards: +1,Y,
Garruk's Mighty Axe,Rare,12000,Left,N,Slot: Left [+Life] +3 Command: 1x Garruk's Mighty Axe,Y,
Nahiri's Armory,Rare,12000,Right,N,Slot: Right [+Life] +3 Command: 1x Nahiri's Armory,Y,
Giant Scythe,Rare,6000,Left,N,Slot: Left [+Life] +1 Command: 1x Giant Scythe,Y,
Chicken Egg,Common,3000,Right,N,Slot: Right [+Life] +1 Battlefield: 1x Chicken Egg,Y,
Tibalt's Bag of Tricks,Rare,6000,Left,N,Slot: Left [+Life] +1 Command: 1x Tibalt's Bag of Tricks,Y,
Xira's Fancy Hat,Rare,10000,Neck,N,Slot: Neck [+Life] +2 Battlefield: 1x Xira's Hive,Y,
The Underworld Cookbook,Uncommon,4000,Left,N,Slot: Left Battlefield: 1x The Underworld Cookbook,Y,
Mantle of Ancient Lore,Rare,5000,Body,N,Slot: Body [+Life] +1 Command: 1x Mantle of Ancient Lore,Y,
Zedruu's Lantern,Rare,8000,Left,N,Slot: Left [+Life] +1 Command: 1x Zedruu's Lantern,Y,
Grolnok's Skin,Rare,10000,Right,N,Slot: Right [+Life] +3 Command: 1x Grolnok's Skin,Y,
Slobad's Iron Boots,Rare,10000,Boots,N,Slot: Boots [+Life] +1 Command: 1x Slobad's Iron Boots [+MovementSpeed] +35%,Y,
Hallowed Sigil,Rare,6000,Neck,N,Give a creature hexproof until end of turn Slot: Neck Battlefield: 1x Hallowed Sigil,Y,
Unhallowed Sigil,Rare,6000,Right,N,"Devour the life of an enemy creature, killing it Slot: Right Battlefield: 1x Sigil of Torment",Y,
Cultist's Key,Common,1000,,Y,,Y,Currently Unused
First Shard,Common,1000,,Y,,Y,Currently Unused
Second Shard,Common,1000,,Y,,Y,Currently Unused
Third Shard,Common,1000,,Y,,Y,Currently Unused
Fourth Shard,Common,1000,,Y,,Y,Currently Unused
Fifth Shard,Common,1000,,Y,,Y,Currently Unused
Crown of the False God,Rare,1000,Neck,N,"Grants a the false god's power, giving 2 mana once you have five lands. Slot: Neck Battlefield: 1x Temple of the False God",Y,
Kobold King's Blade,Rare,1000,Right,N,-1 hand size. Start with three different Kobolds in play. Slot: Right Battlefield: 1x Kobolds of Kher Keep 1x Crimson Kobolds 1x Crookshank Kobolds Starting hand: -1,Y,
Crown of the Vale,Rare,1000,Neck,N,-4 Max Life. Tap for any color. Gives itself to your opponent. Slot: Neck [+Life] -4 Battlefield: 1x Rainbow Vale,Y,
Tasty Tome,Rare,1000,Left,N,"A 1/1 Orc. Tap to look at top 8 and rearrange 4, exile 4. Slot: Left Battlefield: 1x Orcish Librarian",Y,
Shield of Air,Rare,1000,Left,N,-6 life. A 1/5 flying Wall. Slot: Left [+Life] -6 Battlefield: 1x Wall of Air,Y,
Attendant's Prayerbook,Rare,1000,Left,N,A 0/2 cleric that taps to gain 1 life. Slot: Left Battlefield: 1x Silent Attendant,Y,
Tome of the Trove,Rare,1000,Left,N,-4 life. Pay 2UU to draw a card. Slot: Left [+Life] -4 Battlefield: 1x Treasure Trove,Y,
Grovetender's Robes,Rare,1000,Body,N,Enters with 3 +1/+1 counters. Move one to a creature each upkeep. Slot: Body Battlefield: 1x Afiya Grove,Y,
Rainbow Spear,Rare,1000,Right,N,-2 life. A 2/1 that can pay to give first strike or a random pump. Slot: Right [+Life] -2 Battlefield: 1x Rainbow Knights,Y,
Windwalker's Blessing,Rare,1000,Blessing,N,A blessing from the winds grants permanent swiftness. +35% movement speed. Slot: Blessing [+MovementSpeed] +35%,Y,
Staff of Azar,Rare,1000,Left,N,Collects corpses. Pay 5 to turn them into 1d3/1d3 swampwalkers. Slot: Left Battlefield: 1x Necropolis of Azar,Y,
Goblin Trumpet,Rare,1000,Left,N,A 1/1 goblin that can randomly tap creatures for lots of mana. Slot: Left Battlefield: 1x Goblin Polka Band,Y,
Faerie Dragon Egg,Rare,1000,Right,N,-3 life. A 1/3 flying dragon. Pay 1GG for a totally random effect. Slot: Right [+Life] -3 Battlefield: 1x Faerie Dragon,Y,
Prismatic Egg,Rare,1000,Right,N,-4 life. A 2/3 flying Dragon. Randomly changes color each turn. Slot: Right [+Life] -4 Battlefield: 1x Prismatic Dragon,Y,
Celestial Prism,Rare,1000,Neck,N,Pay 2 and tap to convert one mana to any color. +2 max life. Slot: Neck [+Life] +2 Battlefield: 1x Celestial Prism,Y,
Guard's Shield,Rare,1000,Left,N,+2 Life. Start with a 2/2 white Soldier token. Slot: Left [+Life] +2 Battlefield: 1x Security Detail,Y,
Miller's Shoes,Rare,1000,Boots,N,+2 life. Pay 2 and tap to mill opponent 2 cards. Slot: Boots [+Life] +2 Battlefield: 1x Millstone,Y,
Ley Line Walker Boots,Rare,1000,Boots,N,Gives each player a +1/+1 counter each turn. Slot: Boots Battlefield: 1x Ley Line,Y,
Shield of the Hivelord,Rare,1000,Left,N,Grants you command of a sliver giving +0/+1. Slot: Left Battlefield: 1x Plated Sliver,Y,
Torturer's Hood,Rare,12000,Neck,N,-3 life. Opponent loses life for each card under 3 at their upkeep. Slot: Neck [+Life] -3 Battlefield: 1x Wheel of Torture,Y,
Staff of the Ages,Rare,1000,Left,N,+3 life. Creatures with landwalk can be blocked normally. Slot: Left [+Life] +3 Battlefield: 1x Staff of the Ages,Y,
Spyglass,Rare,1000,Right,N,-1 life. A 1/1 Orc Rogue. Tap to look at opponent's top 3 cards. Slot: Right [+Life] -1 Battlefield: 1x Orcish Spy,Y,
Ferret Food,Rare,1000,Left,N,A pouch of treats giving a 1/1 that's a 1/3 that taps down on attack. Slot: Left Battlefield: 1x Joven's Ferrets,Y,
Shaman's Staff,Rare,1000,Right,N,A 1/1 Ape. Pay XX1 to destroy artifact with cost X. Slot: Right Battlefield: 1x Gorilla Shaman,Y,
Istvan's Axe,Rare,1000,Right,N,-6 life. A 1/3 who can't be damaged by creatures. Slot: Right [+Life] -6 Battlefield: 1x Uncle Istvan,Y,
Holy Symbol,Rare,5000,Right,N,A 1/1 Cleric. Tap to destroy an Aura on your creature. Slot: Right Battlefield: 1x Miracle Worker,Y,
Breathstealer's Blade,Rare,1000,Right,N,-2 life. A 2/2. Pay B to give +1/-1. Slot: Right [+Life] -2 Battlefield: 1x Breathstealer,Y,
Ichor Knife,Rare,1000,Right,N,A 3/1 haste that returns from graveyard by exiling a black creature. Slot: Right Battlefield: 1x Ichorid,Y,
Bog Glider Glove,Rare,1000,Right,N,-2 life. A 1/1 flier. Tap and sac a swamp for a free 2 cost mercenary. Slot: Right [+Life] -2 Battlefield: 1x Bog Glider,Y,
Urza's Armor,Rare,12000,Body,N,Prevent 1 damage from each damage source dealt to you. Slot: Body Battlefield: 1x Urza's Armor,Y,
Amulet of Gaea,Rare,1000,Neck,N,Allows your basics to tap for any color. Slot: Neck Battlefield: 1x Pulse of Llanowar,Y,
Serra's Prayer Book,Rare,1000,Right,N,Gains verse counters. Remove to destroy artifacts or enchantments. Slot: Right Battlefield: 1x Serra's Liturgy,Y,
Krampus's Horns,Rare,1000,Neck,N,"Start with Charcoal Diamond in play. -1 starting hand, -6 Max Life. Slot: Neck [+Life] -6 Battlefield: 1x Charcoal Diamond Starting hand: -1",Y,
Santa's Hat,Rare,1000,Neck,N,Start with Jack-in-the-Mox in play. -1 starting hand. Slot: Neck Battlefield: 1x Jack-in-the-Mox Starting hand: -1,Y,
Crooked Scales,Rare,1000,Right,N,Pay 3 and tap to flip a coin. Win: destroy target creature. Lose: opponent may destroy one of yours. Slot: Right Battlefield: 1x Crooked Scales,Y,
Kry Greaves,Rare,1000,Boots,N,Pay 2 to boost your creature's toughness. Slot: Boots Battlefield: 1x Kry Shield,Y,
Immortal Anklet,Rare,1000,Boots,N,Pay 3 and tap to counter a spell targeting a permanent you control. Slot: Boots Battlefield: 1x Ring of Immortals,Y,
Marble Mace,Rare,1000,Right,N,A 3/3 artifact creature that lures walls. -5 Max Life. Slot: Right [+Life] -5 Battlefield: 1x Marble Priest,Y,
Life Matrix,Rare,1000,Neck,N,Pay 4 to give a creature regeneration. Slot: Neck Battlefield: 1x Life Matrix,Y,
Gauntlets of Chaos,Rare,12000,Right,N,"Pay 5 to swap an artifact, creature, or land. Slot: Right Battlefield: 1x Gauntlets of Chaos",Y,
Torch,Common,100,Ability2,N,"Lights the way, doubling your visible range in the fog of war. Use it to flare the flame: for a moment your sight pulses out to three times its radius, and everything it touches stays on your map. Slot: Ability2 Vision radius: x2.0 1 [+Shards]",Y,
Grand Torch,Rare,1000,Ability2,N,"A brilliant flame, quadrupling your visible range in the fog of war. Use it to flare the flame: for a moment your sight pulses out to three times its radius, and everything it touches stays on your map. Slot: Ability2 Vision radius: x4.0 1 [+Shards]",Y,
Joven's Shoes,Rare,1000,Boots,N,"3/3 legendary rogue. RRR, T: Destroy a non-creature artifact. Slot: Boots [+Life] -5 Battlefield: 1x Joven",Y,
Chandler's Shoes,Rare,1000,Boots,N,"3/3 legendary rogue. RRR, T: Destroy an artifact creature. Slot: Boots [+Life] -4 Battlefield: 1x Chandler",Y,
Murderer's Axe,Uncommon,1000,Right,N,Equip - discard. Gives +2/+2. Slot: Right Battlefield: 1x Murderer's Axe,Y,
Morcant's Crown,Rare,1000,Neck,N,"Surveil 1 in upkeep, 4GG, sac for X 2/2 elves = elves in GY as sorcery. Slot: Neck Battlefield: 1x Morcant's Eyes Starting hand: -1",Y,
Faerie Crown,Uncommon,1000,Neck,N,Opponent loses 1 life when you cast a spell during their turn. Slot: Neck Battlefield: 1x Faerie Tauntings,Y,
Evershrike Anklet,Rare,1000,Boots,N,"2/2 flyer, +2/+2 for each aura on it, can revive with an aura from hand. Slot: Boots [+Life] -5 Battlefield: 1x Evershrike",Y,
Flamecaster Pants,Uncommon,1000,Boots,N,"3/2 elemental with reach, burn opp 2 when you cast a MV 4+ spell. Slot: Boots [+Life] -3 Battlefield: 1x Enraged Flamecaster",Y,
Tarfire Helm,Uncommon,1000,Neck,N,"At each end step, if you put a counter on a creature, burn opp 2. Slot: Neck Battlefield: 1x Lasting Tarfire",Y,
Starfish On Your Foot,Common,1000,Boots,N,0/1 starfish. U: regenerate. Get a 0/1 token at end step if you regened Slot: Boots Battlefield: 1x Spiny Starfish,Y,
Tidal Amulet,Uncommon,1000,Neck,N,"Gets a counter on upkeep. At one, all blue get -2/-0. At three, +2/+0. Resets at four. Slot: Neck [+Life] +3 Battlefield: 1x Tidal Influence",Y,
Pegasus Helm,Uncommon,1000,Neck,N,"2, Discard a card: Make a 1/1 flying pegasus token. Slot: Neck [+Life] +2 Battlefield: 1x Pegasus Refuge",Y,
Interplanar Armor,Rare,1000,Body,N,"Gain 1 life on PW cast. Taps for C or 1, T: Add two of dif. colors for PWs. Slot: Body Battlefield: 1x Interplanar Beacon Starting hand: -1",Y,
Cloud Keeper Armor,Rare,1000,Body,N,"T, pay 2 life: Adds CC to spend only on legendary spells. Slot: Body Battlefield: 1x Untaidake, the Cloud Keeper Starting hand: -1",Y,
Eldrazi Pentakey Shard 1,Common,1000,,Y,One of the five keys to the Eldrazi Prison.,Y,
Eldrazi Pentakey Shard 2,Common,1000,,Y,One of the five keys to the Eldrazi Prison.,Y,
Eldrazi Pentakey Shard 3,Common,1000,,Y,One of the five keys to the Eldrazi Prison.,Y,
Eldrazi Pentakey Shard 4,Common,1000,,Y,One of the five keys to the Eldrazi Prison.,Y,
Eldrazi Pentakey Shard 5,Common,1000,,Y,One of the five keys to the Eldrazi Prison.,Y,
Ur-Dragon's Key,Common,1000,,Y,Unlocks the gate to your final goal somewhere within the Eldrazi Prison.,Y,
Azlask's Hexkey,Common,1000,,Y,One of six keys which will open the final gate alongside the Ur-Dragon's Key.,Y,
Ulalek's Hexkey,Common,1000,,Y,One of six keys which will open the final gate alongside the Ur-Dragon's Key.,Y,
Zhulodok's Hexkey,Common,1000,,Y,One of six keys which will open the final gate alongside the Ur-Dragon's Key.,Y,
Ulamog's Hexkey,Common,1000,,Y,One of six keys which will open the final gate alongside the Ur-Dragon's Key.,Y,
Kozilek's Hexkey,Common,1000,,Y,One of six keys which will open the final gate alongside the Ur-Dragon's Key.,Y,
Emrakul's Hexkey,Common,1000,,Y,One of six keys which will open the final gate alongside the Ur-Dragon's Key.,Y,
